accident_index,location_easting_osgr,location_northing_osgr,longitude,latitude,police_force,accident_severity,number_of_vehicles,number_of_casualties,date,day_of_week,time,local_authority_district,local_authority_highway,1st_road_class,1st_road_number,road_type,speed_limit,junction_detail,junction_control,2nd_road_class,2nd_road_number,pedestrian_crossing_human_control,pedestrian_crossing_physical_facilities,light_conditions,weather_conditions,road_surface_conditions,special_conditions_at_site,carriageway_hazards,urban_or_rural_area,did_police_officer_attend_scene_of_accident
2018950000002,327174,670941,-3.167032,55.926001,95,3,1,1,31/12/2018,2,14:59:00,923,S12000036,6,0,6,20,9,4,6,0,0,5,1,1,1,0,0,1,1
2018950000006,324874,672457,-3.204252,55.939265,95,3,1,1,30/12/2018,1,12:50:00,923,S12000036,6,0,6,20,9,4,-1,-1,0,0,1,1,1,0,0,1,1
2018950000012,330500,671750,-3.114026,55.933761,95,3,2,2,03/01/2018,4,14:34:00,923,S12000036,3,6095,6,20,6,2,3,6106,0,5,1,1,2,0,0,1,1
2018950000015,321890,671640,-3.251772,55.93145,95,3,3,1,01/01/2018,2,02:25:00,923,S12000036,3,71,6,30,0,-1,-1,0,0,0,4,2,2,0,0,1,1
2018950000017,320120,669330,-3.279409,55.910409,95,3,2,1,04/01/2018,5,09:00:00,923,S12000036,6,0,1,30,1,4,6,0,0,0,1,1,2,0,0,1,1
2018950000018,331752,667988,-3.093039,55.900147,95,3,3,1,03/01/2018,4,14:15:00,923,S12000036,3,720,1,70,1,2,3,720,0,0,1,1,2,0,0,2,1
2018950000019,325523,674024,-3.194299,55.953442,95,3,1,2,07/12/2018,6,20:30:00,923,S12000036,6,0,6,20,3,2,6,0,0,4,4,1,1,0,0,1,1
2018950000026,329230,675270,-3.135275,55.965195,95,3,1,1,08/01/2018,2,14:00:00,923,S12000036,6,0,6,30,9,4,6,0,0,0,1,1,4,0,0,1,1
2018950000033,327187,674441,-3.16777,55.957443,95,3,1,1,09/01/2018,3,04:15:00,923,S12000036,3,1,6,20,0,-1,-1,0,0,0,5,1,1,0,0,1,2
2018950000034,326420,672400,-3.179494,55.938992,95,3,2,1,08/01/2018,2,07:48:00,923,S12000036,3,700,6,20,6,2,3,700,0,5,1,1,4,0,0,1,1
2018950000035,325600,673640,-3.19296,55.950005,95,3,2,1,08/01/2018,2,15:00:00,923,S12000036,5,0,6,20,9,4,5,0,0,0,1,9,1,0,0,1,2
2018950000037,320500,671710,-3.274034,55.931851,95,3,1,1,09/01/2018,3,07:45:00,923,S12000036,5,0,6,20,6,2,6,0,0,5,1,1,1,0,0,1,2
2018950000038,323090,672270,-3.232751,55.937304,95,3,1,1,10/01/2018,4,18:19:00,923,S12000036,6,0,6,20,0,-1,-1,0,0,0,6,1,1,0,2,1,1
2018950000039,319970,671230,-3.282372,55.927451,95,1,1,4,10/01/2018,4,21:47:00,923,S12000036,6,0,6,20,0,-1,-1,0,0,0,5,1,1,0,0,1,1
2018950000041,328185,674639,-3.151843,55.959372,95,3,2,1,08/01/2018,2,17:00:00,923,S12000036,6,0,6,20,1,4,6,0,0,0,4,1,1,0,0,1,2
2018950000042,330320,672880,-3.1172,55.943886,95,3,1,1,11/01/2018,5,13:10:00,923,S12000036,6,0,6,30,0,-1,-1,0,0,0,1,1,1,0,0,1,1
2018950000051,321131,675038,-3.264912,55.961848,95,3,2,1,21/12/2018,6,12:41:00,923,S12000036,3,90,6,40,0,-1,-1,0,0,4,1,1,1,0,0,1,1
2018950000052,325930,674030,-3.187784,55.953559,95,3,2,2,06/01/2018,7,15:00:00,923,S12000036,3,1,6,20,0,-1,-1,0,0,0,1,1,1,0,0,1,1
2018950000055,322620,675690,-3.241256,55.967947,95,3,1,2,13/01/2018,7,13:25:00,923,S12000036,6,0,6,30,0,-1,-1,0,0,0,1,1,1,0,0,1,2
2018950000058,328340,674150,-3.149231,55.955002,95,3,2,3,13/01/2018,7,20:40:00,923,S12000036,3,1,6,30,7,2,3,1140,0,5,4,1,1,0,0,1,1
2018950000059,322080,672280,-3.248917,55.93723,95,3,1,1,11/01/2018,5,19:29:00,923,S12000036,5,0,6,30,3,2,5,0,0,5,7,1,1,0,0,1,2
2018950000060,329550,671620,-3.129195,55.932455,95,3,3,1,11/01/2018,5,17:20:00,923,S12000036,3,6095,6,20,3,3,6,0,0,0,4,9,1,0,0,1,2
2018950000065,326430,672840,-3.179454,55.942946,95,2,2,1,15/01/2018,2,10:30:00,923,S12000036,6,0,6,20,3,4,6,0,0,4,1,1,2,0,0,1,1
2018950000066,326330,675500,-3.181783,55.966825,95,3,1,1,15/01/2018,2,17:09:00,923,S12000036,5,0,6,20,0,-1,-1,0,0,0,7,2,2,0,0,1,2
2018950000068,326810,674470,-3.173815,55.957646,95,2,2,1,15/01/2018,2,16:40:00,923,S12000036,3,1,6,20,3,4,6,0,0,0,4,2,2,0,0,1,1
2018950000070,325310,674120,-3.197736,55.954271,95,2,2,1,16/01/2018,3,17:50:00,923,S12000036,5,0,6,20,3,4,6,0,0,0,4,3,2,0,0,1,1
2018950000074,325060,675220,-3.202044,55.964113,95,3,1,1,17/01/2018,4,14:25:00,923,S12000036,4,901,6,20,3,4,6,0,0,0,1,1,2,0,0,1,1
2018950000078,313200,677450,-3.392688,55.982144,95,3,2,1,18/01/2018,5,08:27:00,923,S12000036,6,0,6,20,3,4,6,0,0,0,1,1,2,0,0,1,1
2018950000080,323860,669470,-3.219637,55.912274,95,2,2,1,16/01/2018,3,18:15:00,923,S12000036,6,0,6,20,3,4,6,0,0,0,4,3,3,0,0,1,2
2018950000081,326100,676290,-3.185683,55.973885,95,3,1,1,18/01/2018,5,18:15:00,923,S12000036,6,0,6,20,6,4,6,0,0,0,4,1,2,0,0,1,1
2018950000090,324080,673190,-3.217166,55.945725,95,3,1,1,21/01/2018,1,05:25:00,923,S12000036,6,0,6,20,7,2,3,8,0,5,4,8,4,0,0,1,1
2018950000091,325540,674900,-3.194269,55.961313,95,2,1,1,22/01/2018,2,00:35:00,923,S12000036,4,901,6,20,9,2,6,0,0,5,4,1,2,0,0,1,1
2018950000092,312743,670916,-3.397892,55.923372,95,3,2,1,21/01/2018,1,13:30:00,923,S12000036,6,0,6,60,3,4,6,0,0,0,1,3,3,0,0,2,1
2018950000093,326570,671630,-3.176883,55.932098,95,3,2,1,11/01/2018,5,09:31:00,923,S12000036,6,0,6,20,6,2,5,0,0,0,1,1,1,0,0,1,1
2018950000094,312620,674400,-3.400989,55.954643,95,2,1,1,22/01/2018,2,17:25:00,923,S12000036,6,0,6,20,9,4,6,0,0,4,4,5,2,0,0,1,1
2018950000096,326500,676890,-3.17944,55.979337,95,2,2,1,16/01/2018,3,14:00:00,923,S12000036,6,0,1,20,2,4,6,0,0,0,1,9,2,0,0,1,2
2018950000097,327090,676550,-3.169895,55.976373,95,3,1,1,23/01/2018,3,08:15:00,923,S12000036,3,199,6,20,6,2,6,0,0,5,1,2,2,0,0,1,1
2018950000098,322960,668010,-3.233614,55.899016,95,3,1,1,23/01/2018,3,16:05:00,923,S12000036,6,0,6,60,8,4,6,0,0,0,1,2,2,0,0,2,1
2018950000099,322190,675620,-3.248122,55.967249,95,3,1,1,23/01/2018,3,18:40:00,923,S12000036,6,0,6,20,3,4,5,0,0,5,4,1,2,0,0,1,1
2018950000104,323100,672320,-3.232605,55.937754,95,3,2,1,19/01/2018,6,15:55:00,923,S12000036,3,71,6,30,9,4,6,0,0,0,1,9,1,0,0,1,2
2018950000105,322860,676050,-3.237515,55.97122,95,3,1,1,24/01/2018,4,11:25:00,923,S12000036,5,0,6,30,9,4,6,0,0,0,1,9,2,0,0,1,2
2018950000108,324100,673460,-3.216922,55.948153,95,2,1,1,24/01/2018,4,19:00:00,923,S12000036,6,0,6,20,3,4,6,0,0,0,4,5,2,0,0,1,1
2018950000109,326600,675200,-3.177376,55.964171,95,3,1,1,23/01/2018,3,13:50:00,923,S12000036,3,900,6,20,0,-1,-1,0,0,5,1,2,2,0,0,1,1
2018950000111,327240,670160,-3.165765,55.918996,95,3,2,1,24/01/2018,4,04:00:00,923,S12000036,5,0,6,30,3,4,6,0,0,0,4,5,2,0,0,1,1
2018950000113,326100,673450,-3.184903,55.948375,95,3,2,1,25/01/2018,5,23:30:00,923,S12000036,6,0,6,20,0,-1,-1,0,0,0,4,1,1,0,0,1,1
2018950000116,319780,673060,-3.285957,55.943857,95,3,2,1,26/01/2018,6,11:45:00,923,S12000036,6,0,6,20,0,-1,-1,0,0,0,1,1,1,0,0,1,2
2018950000119,329250,668690,-3.133226,55.906091,95,3,2,1,26/01/2018,6,14:05:00,923,S12000036,4,701,6,30,6,2,3,772,0,5,1,1,1,0,0,1,1
2018950000121,329550,671540,-3.129174,55.931736,95,2,1,1,28/01/2018,1,18:00:00,923,S12000036,6,0,6,20,0,-1,-1,0,0,0,4,1,2,0,0,1,1
2018950000122,314790,671650,-3.365378,55.930332,95,3,2,1,28/01/2018,1,16:30:00,923,S12000036,1,8,3,70,0,-1,-1,0,0,0,1,1,1,0,0,2,1
2018950000124,322510,670430,-3.241503,55.920681,95,2,1,1,29/01/2018,2,00:01:00,923,S12000036,5,0,6,30,6,4,6,0,0,8,4,5,2,0,0,1,1
2018950000125,326690,674470,-3.175736,55.957628,95,3,3,1,28/01/2018,1,19:30:00,923,S12000036,3,1,6,30,0,-1,-1,0,0,8,4,1,1,0,0,1,1
2018950000130,326310,675860,-3.182202,55.970055,95,3,1,1,30/01/2018,3,12:45:00,923,S12000036,6,0,6,20,3,4,4,900,0,0,1,1,1,0,0,1,1
2018950000132,326894,675978,-3.17288,55.971205,95,3,1,1,30/01/2018,3,12:35:00,923,S12000036,3,901,6,30,0,-1,-1,0,0,0,1,1,1,0,0,1,1
2018950000133,324600,673380,-3.208896,55.947513,95,3,1,1,29/01/2018,2,14:00:00,923,S12000036,6,0,3,30,8,2,6,0,0,0,1,8,1,0,0,1,1
2018950000134,326490,671280,-3.178068,55.928942,95,2,1,1,30/01/2018,3,13:30:00,923,S12000036,6,0,6,20,3,4,6,0,0,0,1,1,1,0,0,1,1
2018950000137,327570,671250,-3.160779,55.928837,95,3,2,1,31/01/2018,4,09:25:00,923,S12000036,6,0,1,20,1,2,6,0,0,0,1,8,2,0,0,1,1
2018950000138,324930,672770,-3.203443,55.942086,95,3,2,1,31/01/2018,4,15:51:00,923,S12000036,3,702,6,20,9,2,6,0,0,4,1,1,1,0,0,1,1
2018950000139,320630,671290,-3.27183,55.928099,95,3,1,1,29/01/2018,2,15:15:00,923,S12000036,5,0,6,20,0,-1,-1,0,1,4,1,9,1,0,0,1,2
2018950000140,319020,669890,-3.297169,55.915255,95,3,2,2,29/01/2018,2,06:45:00,923,S12000036,3,720,3,70,0,-1,-1,0,0,0,6,1,2,0,0,1,1
2018950000142,322690,672190,-3.239129,55.936521,95,3,1,1,01/02/2018,5,08:45:00,923,S12000036,3,71,6,20,6,2,6,0,2,5,1,1,1,0,0,1,1
2018950000147,326730,671820,-3.174374,55.93383,95,3,2,2,30/01/2018,3,22:13:00,923,S12000036,3,7,6,30,6,2,6,0,0,5,4,5,2,0,0,1,1
2018950000148,323670,672450,-3.22352,55.939013,95,3,1,1,02/02/2018,6,16:15:00,923,S12000036,6,0,3,40,3,2,5,0,0,0,1,1,1,0,0,1,1
2018950000152,320330,668830,-3.275904,55.905953,95,3,1,1,05/01/2018,6,21:09:00,923,S12000036,3,720,3,70,0,-1,-1,0,0,0,6,3,4,0,0,1,2
2018950000153,326790,673870,-3.173972,55.952253,95,3,1,1,03/02/2018,7,14:38:00,923,S12000036,5,0,6,20,0,-1,-1,0,0,0,1,2,2,0,0,1,1
2018950000154,320190,668850,-3.278148,55.906109,95,3,1,1,03/02/2018,7,18:23:00,923,S12000036,3,70,6,30,0,-1,-1,0,0,0,4,2,2,0,0,1,1
2018950000155,319520,674980,-3.290692,55.961059,95,2,1,1,03/02/2018,7,19:23:00,923,S12000036,3,90,6,40,0,-1,-1,0,0,0,4,2,2,0,0,1,1
2018950000156,324600,672130,-3.208546,55.936285,95,3,1,1,03/02/2018,7,20:58:00,923,S12000036,3,702,6,20,0,-1,-1,0,0,0,4,2,2,0,0,1,1
2018950000161,312939,665438,-3.392992,55.874204,95,3,2,1,02/02/2018,6,15:55:00,923,S12000036,3,70,6,60,0,-1,-1,0,0,0,1,1,1,0,0,2,1
2018950000162,330340,672830,-3.116867,55.94344,95,3,1,1,06/02/2018,3,12:40:00,923,S12000036,3,6106,6,30,6,2,3,1,0,5,1,1,1,0,0,1,1
2018950000165,322600,672280,-3.240595,55.937314,95,3,1,1,06/02/2018,3,16:45:00,923,S12000036,6,0,6,20,0,-1,-1,0,0,0,1,1,1,0,0,1,1
2018950000166,318550,674890,-3.306197,55.960087,95,3,2,1,06/02/2018,3,17:20:00,923,S12000036,3,902,6,40,8,4,6,0,0,5,4,1,1,0,0,1,1
2018950000170,321540,674890,-3.258319,55.960586,95,3,2,1,08/02/2018,5,08:00:00,923,S12000036,6,0,6,20,3,2,3,902,0,5,1,1,1,0,0,1,2
2018950000171,329620,674340,-3.128786,55.956899,95,2,2,2,07/02/2018,4,15:25:00,923,S12000036,3,1140,6,30,3,4,6,0,0,0,1,1,1,0,0,1,1
2018950000177,317700,672680,-3.319133,55.940091,95,3,2,1,08/02/2018,5,09:55:00,923,S12000036,3,8,3,40,0,-1,-1,0,0,0,1,1,1,0,0,1,1
2018950000178,322914,673185,-3.235829,55.945494,95,3,2,1,29/01/2018,2,20:00:00,923,S12000036,6,0,6,30,3,4,6,0,0,0,4,9,1,0,0,1,2
2018950000179,320590,672820,-3.272921,55.941836,95,3,2,1,09/02/2018,6,08:45:00,923,S12000036,3,8,6,30,3,4,6,0,0,0,1,1,2,0,0,1,1
2018950000181,324900,672590,-3.203873,55.940464,95,3,2,1,06/02/2018,3,15:55:00,923,S12000036,3,702,6,20,3,4,6,0,0,0,1,1,1,0,0,1,2
2018950000182,328700,669300,-3.142182,55.911489,95,3,1,1,09/02/2018,6,17:25:00,923,S12000036,3,772,6,30,0,-1,-1,0,0,0,4,1,1,0,0,1,1
2018950000183,318120,667750,-3.310915,55.895881,95,3,1,1,07/02/2018,4,16:45:00,923,S12000036,3,70,6,30,0,-1,-1,0,0,5,1,1,1,0,0,1,2
2018950000184,325080,667510,-3.199581,55.894859,95,2,1,1,09/02/2018,6,12:15:00,923,S12000036,3,720,7,70,5,4,3,702,0,0,1,1,1,0,0,1,1
2018950000187,319580,674340,-3.28954,55.955321,95,3,2,1,07/02/2018,4,17:30:00,923,S12000036,6,0,6,30,6,2,6,0,0,8,4,8,1,0,0,1,1
2018950000188,326549,675097,-3.178165,55.963238,95,3,1,1,09/02/2018,6,18:57:00,923,S12000036,6,0,6,20,0,-1,-1,0,0,0,4,1,1,0,0,1,1
2018950000191,325930,673480,-3.187633,55.948619,95,3,1,1,11/02/2018,1,03:30:00,923,S12000036,5,0,6,20,0,-1,-1,0,0,4,4,1,2,0,0,1,1
2018950000192,325570,673960,-3.193529,55.952874,95,3,1,1,10/02/2018,7,16:33:00,923,S12000036,6,0,6,30,0,-1,-1,0,0,0,1,1,1,0,0,1,2
2018950000194,311547,678755,-3.4196,55.993563,95,2,1,1,10/02/2018,7,20:00:00,923,S12000036,1,90,3,70,5,4,1,9,0,0,1,5,2,0,0,2,1
2018950000199,315090,673120,-3.361041,55.943589,95,3,2,1,08/02/2018,5,17:40:00,923,S12000036,6,0,6,20,0,-1,-1,0,0,0,7,1,1,0,0,2,1
2018950000200,318030,669690,-3.312942,55.913291,95,3,2,1,06/02/2018,3,21:30:00,923,S12000036,6,0,6,30,0,-1,-1,0,0,0,4,1,1,0,3,1,1
2018950000201,318520,674820,-3.306656,55.959453,95,3,3,1,13/02/2018,3,07:53:00,923,S12000036,3,902,6,50,9,4,6,0,0,5,1,2,3,0,0,1,1
2018950000203,323670,672690,-3.223588,55.941169,95,3,2,1,05/02/2018,2,17:20:00,923,S12000036,3,70,6,20,3,4,6,0,0,0,4,9,1,0,0,1,2
2018950000204,326640,671360,-3.175689,55.929684,95,3,2,1,13/02/2018,3,11:10:00,923,S12000036,5,0,6,20,3,2,6,0,0,5,1,1,1,0,0,1,1
2018950000206,326120,670970,-3.183903,55.926101,95,3,3,1,13/02/2018,3,12:35:00,923,S12000036,6,0,6,30,3,4,6,0,0,0,1,1,1,0,0,1,1
2018950000207,322480,674960,-3.243287,55.961368,95,3,2,1,14/02/2018,4,18:10:00,923,S12000036,3,902,6,30,3,2,6,0,0,5,4,1,1,0,0,1,3
2018950000208,325150,675010,-3.200545,55.962241,95,3,2,2,14/02/2018,4,18:00:00,923,S12000036,5,0,6,20,0,-1,-1,0,0,0,4,1,1,0,0,1,1
2018950000213,319370,672950,-3.292486,55.9428,95,3,2,1,13/02/2018,3,06:30:00,923,S12000036,3,8,6,20,0,-1,-1,0,0,0,4,9,1,0,0,1,1
2018950000216,326510,675070,-3.178782,55.96299,95,3,2,1,16/02/2018,6,17:15:00,923,S12000036,3,900,6,20,3,4,6,0,0,0,1,1,1,0,0,1,1
2018950000217,329190,668750,-3.134201,55.906621,95,3,3,1,17/02/2018,7,17:00:00,923,S12000036,3,7,6,30,0,-1,-1,0,0,0,1,1,1,0,0,1,1
2018950000219,317650,670610,-3.3193,55.92149,95,3,2,2,16/02/2018,6,11:22:00,923,S12000036,1,8,3,70,0,-1,-1,0,0,0,1,1,1,0,0,2,1
2018950000220,327108,675824,-3.16941,55.969854,95,3,1,2,17/02/2018,7,18:05:00,923,S12000036,3,901,6,30,0,-1,-1,0,0,0,4,4,1,0,6,1,2
2018950000222,322617,671420,-3.240076,55.929592,95,2,1,1,17/02/2018,7,00:30:00,923,S12000036,6,0,6,20,0,-1,-1,0,0,0,4,1,2,0,0,1,1
2018950000223,314730,677150,-3.36808,55.979723,95,2,2,1,18/02/2018,1,21:08:00,923,S12000036,3,90,3,50,0,-1,-1,0,0,0,6,2,2,0,0,2,1
2018950000224,327090,675830,-3.1697,55.969905,95,3,2,1,19/02/2018,2,15:30:00,923,S12000036,6,0,6,20,9,4,-1,-1,0,8,1,1,1,0,0,1,1
2018950000228,327470,671410,-3.162422,55.930259,95,3,2,1,19/02/2018,2,22:56:00,923,S12000036,3,68,6,30,9,4,6,0,0,0,4,2,2,0,0,1,1
2018950000231,328700,673800,-3.143374,55.951912,95,3,1,1,20/02/2018,3,10:50:00,923,S12000036,6,0,6,20,8,4,6,0,0,0,1,1,1,0,0,1,1
2018950000233,320640,675160,-3.272811,55.962863,95,3,2,1,20/02/2018,3,11:15:00,923,S12000036,4,9085,6,30,3,4,6,0,0,4,1,1,1,0,0,1,1
2018950000235,324470,674500,-3.211291,55.957553,95,3,2,1,18/02/2018,1,19:40:00,923,S12000036,6,0,6,20,3,4,6,0,0,0,4,9,2,0,0,1,2
2018950000238,326930,674570,-3.171921,55.958563,95,3,2,1,21/02/2018,4,17:15:00,923,S12000036,5,0,6,20,9,4,6,0,0,0,1,1,1,0,0,1,1
2018950000239,324530,671170,-3.209397,55.927651,95,2,1,1,23/02/2018,6,08:25:00,923,S12000036,6,0,6,20,3,4,6,0,0,0,1,1,1,0,0,1,1
2018950000240,322830,675430,-3.237818,55.965646,95,3,3,1,23/02/2018,6,13:25:00,923,S12000036,3,902,3,30,3,4,6,0,0,8,1,1,1,0,0,1,1
2018950000241,320030,669320,-3.280846,55.910304,95,3,2,4,22/02/2018,5,06:55:00,923,S12000036,3,720,3,70,0,-1,-1,0,0,0,1,1,1,0,0,1,1
2018950000244,318130,670890,-3.311707,55.924087,95,3,3,1,15/02/2018,5,13:00:00,923,S12000036,3,720,1,50,1,2,1,8,0,0,1,1,1,0,0,2,1
2018950000245,323520,674620,-3.226537,55.958481,95,3,2,1,21/02/2018,4,08:25:00,923,S12000036,4,900,6,30,1,4,5,0,0,4,1,1,1,0,0,1,1
2018950000248,327800,674110,-3.157866,55.954562,95,3,2,1,24/02/2018,7,10:35:00,923,S12000036,6,0,6,20,2,4,6,0,0,0,1,1,1,0,0,1,1
2018950000257,326110,673130,-3.184656,55.945502,95,3,2,1,21/02/2018,4,03:00:00,923,S12000036,3,7,6,20,0,-1,-1,0,0,0,4,1,1,0,0,1,1
2018950000259,324910,672880,-3.203794,55.943071,95,2,2,1,26/02/2018,2,19:30:00,923,S12000036,3,702,6,20,3,4,6,0,0,5,4,4,1,0,0,1,1
2018950000265,330860,672910,-3.108564,55.944234,95,2,2,1,27/02/2018,3,17:30:00,923,S12000036,3,1,6,20,6,4,6,0,0,0,1,3,2,0,0,1,1
2018950000266,319400,672640,-3.291913,55.940021,95,3,2,1,27/02/2018,3,18:30:00,923,S12000036,5,0,6,20,7,2,6,0,0,4,4,3,4,0,0,1,1
2018950000269,323790,669240,-3.220691,55.910197,95,3,2,1,09/02/2018,6,13:00:00,923,S12000036,6,0,6,30,0,-1,-1,0,0,0,1,4,1,0,0,1,1
2018950000277,325960,673550,-3.187172,55.949252,95,3,1,1,28/02/2018,4,08:10:00,923,S12000036,3,7,6,30,0,-1,-1,0,0,0,1,3,3,0,0,1,2
2018950000278,322010,675980,-3.25111,55.970453,95,2,1,1,02/03/2018,6,18:25:00,923,S12000036,5,0,3,30,6,4,6,0,0,1,4,3,2,0,0,1,1
2018950000280,328800,667030,-3.139985,55.891113,95,3,1,1,03/03/2018,7,22:00:00,923,S12000036,3,720,3,70,5,4,5,0,0,0,6,1,3,0,0,2,1
2018950000282,325780,673750,-3.190109,55.951021,95,3,1,1,27/02/2018,3,12:15:00,923,S12000036,6,0,6,20,0,-1,-1,0,0,4,1,1,2,0,0,1,1
2018950000283,326960,674460,-3.17141,55.957579,95,3,1,1,03/03/2018,7,22:00:00,923,S12000036,3,1,2,20,0,-1,-1,0,0,0,4,8,2,0,0,1,1
2018950000284,326620,672020,-3.176189,55.935609,95,3,2,1,05/03/2018,2,07:50:00,923,S12000036,6,0,2,20,9,4,6,0,0,0,1,8,2,0,0,1,1
2018950000285,327220,671030,-3.16632,55.926808,95,3,1,1,28/02/2018,4,22:05:00,923,S12000036,6,0,3,30,0,-1,-1,0,0,0,4,6,3,0,0,1,1
2018950000288,324000,674760,-3.21889,55.959814,95,3,2,2,06/03/2018,3,08:30:00,923,S12000036,6,0,6,30,6,4,4,900,0,5,1,2,2,0,0,1,2
2018950000289,322010,673140,-3.250286,55.944944,95,3,3,1,06/03/2018,3,08:20:00,923,S12000036,3,8,6,30,0,-1,-1,0,0,0,1,2,2,0,0,1,1
2018950000292,329270,674280,-3.134375,55.956308,95,3,1,1,07/03/2018,4,08:00:00,923,S12000036,3,1140,6,30,3,4,6,0,0,0,1,1,1,0,0,1,1
2018950000293,319040,671330,-3.297281,55.928193,95,3,2,1,07/03/2018,4,09:40:00,923,S12000036,6,0,6,30,0,-1,-1,0,0,0,1,1,2,0,0,1,1
2018950000300,322840,675730,-3.237743,55.968342,95,3,1,1,08/03/2018,5,16:55:00,923,S12000036,6,0,6,30,1,2,5,0,0,5,1,1,2,0,0,1,1
2018950000303,322730,672640,-3.238618,55.940569,95,3,2,1,09/03/2018,6,08:55:00,923,S12000036,6,0,6,30,3,4,5,0,0,8,1,1,1,0,0,1,1
2018950000304,324300,673630,-3.213769,55.949712,95,2,1,1,09/03/2018,6,19:03:00,923,S12000036,6,0,6,20,6,4,6,0,0,0,4,1,1,0,0,1,1
2018950000307,323700,672730,-3.223119,55.941533,95,3,1,1,10/03/2018,7,12:35:00,923,S12000036,3,70,6,20,3,4,6,0,0,0,1,2,2,0,0,1,1
2018950000309,325045,673023,-3.201673,55.944376,95,3,1,1,10/03/2018,7,23:27:00,923,S12000036,5,0,6,20,0,-1,-1,0,0,0,4,1,2,0,0,1,1
2018950000312,327900,671580,-3.155587,55.931851,95,2,1,1,11/03/2018,1,13:15:00,923,S12000036,4,6095,6,30,3,4,6,0,0,5,1,1,1,0,0,1,1
2018950000313,315496,677149,-3.355808,55.97985,95,3,2,1,09/03/2018,6,08:50:00,923,S12000036,3,90,3,70,0,-1,-1,0,0,0,1,1,1,0,0,2,1
2018950000314,329030,674260,-3.138212,55.956093,95,3,2,3,09/03/2018,6,14:55:00,923,S12000036,6,0,6,20,3,4,3,1140,0,8,1,1,1,0,0,1,1
2018950000316,328303,675945,-3.150301,55.971121,95,3,2,1,26/02/2018,2,16:20:00,923,S12000036,3,199,6,30,3,2,5,0,0,5,1,1,1,0,0,1,1
2018950000323,326640,671360,-3.175689,55.929684,95,3,2,1,13/03/2018,3,19:00:00,923,S12000036,6,0,6,20,6,2,6,0,0,5,5,1,1,0,0,1,1
2018950000326,320790,675450,-3.270494,55.965492,95,3,3,1,15/03/2018,5,08:30:00,923,S12000036,6,0,6,20,0,-1,-1,0,0,0,1,1,1,0,0,1,2
2018950000328,319560,672640,-3.289353,55.940047,95,3,2,1,15/03/2018,5,12:45:00,923,S12000036,5,0,6,20,8,4,6,0,0,0,1,2,2,0,0,1,1
2018950000331,320010,670850,-3.281619,55.924044,95,3,2,1,15/03/2018,5,20:35:00,923,S12000036,3,71,1,30,1,4,6,0,0,0,4,1,1,0,0,1,1
2018950000332,312900,678290,-3.397767,55.989634,95,3,2,1,15/03/2018,5,15:10:00,923,S12000036,6,0,6,20,3,4,6,0,0,0,1,2,2,0,0,1,1
2018950000333,328390,668500,-3.146928,55.904257,95,3,1,1,13/03/2018,3,11:30:00,923,S12000036,4,701,6,30,3,4,6,0,0,0,1,1,2,0,0,1,1
2018950000335,328100,674950,-3.153287,55.962153,95,3,2,1,15/03/2018,5,19:00:00,923,S12000036,6,0,6,20,1,4,6,0,0,0,4,1,1,0,0,1,1
2018950000336,324460,672870,-3.210994,55.94291,95,3,1,1,16/03/2018,6,17:00:00,923,S12000036,5,0,6,20,3,4,6,0,0,0,1,9,1,0,0,1,1
2018950000338,319680,671770,-3.287173,55.932253,95,3,2,1,16/03/2018,6,12:30:00,923,S12000036,6,0,6,30,8,4,6,0,0,0,1,1,1,0,0,1,2
2018950000339,331370,671710,-3.100094,55.933527,95,3,2,2,16/03/2018,6,17:00:00,923,S12000036,3,6095,1,30,1,4,6,0,0,0,1,4,1,0,0,1,2
2018950000340,313940,676760,-3.380611,55.976079,95,3,1,1,18/03/2018,1,05:56:00,923,S12000036,1,90,3,70,0,-1,-1,0,0,0,1,6,4,0,0,2,1
2018950000342,325890,673810,-3.188364,55.951577,95,3,1,1,15/03/2018,5,16:30:00,923,S12000036,3,7,6,20,0,-1,-1,0,0,0,1,1,1,0,0,1,3
2018950000344,324930,675460,-3.204193,55.966249,95,3,1,1,13/03/2018,3,14:00:00,923,S12000036,6,0,6,20,3,4,6,0,0,0,1,1,1,0,0,1,1
2018950000345,324650,673740,-3.208196,55.950755,95,3,1,1,13/03/2018,3,15:40:00,923,S12000036,3,90,6,20,3,4,6,0,0,0,1,1,1,0,0,1,2
2018950000347,323790,674240,-3.222106,55.95511,95,3,2,1,15/03/2018,5,14:30:00,923,S12000036,3,90,6,30,6,2,5,0,0,5,1,1,2,0,0,1,1
2018950000348,322510,672370,-3.242062,55.938108,95,3,1,1,19/03/2018,2,11:30:00,923,S12000036,6,0,6,30,3,4,6,0,0,4,1,1,1,0,0,1,1
2018950000350,325870,675440,-3.189133,55.966215,95,3,1,1,19/03/2018,2,15:45:00,923,S12000036,4,900,6,20,3,2,6,0,0,5,1,1,1,0,0,1,1
2018950000351,322130,671760,-3.247967,55.932567,95,3,2,1,19/03/2018,2,16:10:00,923,S12000036,3,71,6,30,3,4,6,0,0,0,1,1,1,0,0,1,1
2018950000352,325620,674830,-3.192969,55.960697,95,3,2,1,19/03/2018,2,17:05:00,923,S12000036,6,0,6,30,3,4,6,0,0,5,1,1,1,0,0,1,1
2018950000353,324640,673660,-3.208334,55.950035,95,3,1,1,19/03/2018,2,21:00:00,923,S12000036,3,8,6,20,3,4,3,702,0,5,4,1,1,0,0,1,1
2018950000354,322820,671680,-3.236902,55.93196,95,3,2,3,14/03/2018,4,23:20:00,923,S12000036,6,0,6,20,0,-1,-1,0,0,0,4,1,1,0,0,1,1
2018950000356,328810,671640,-3.141042,55.932525,95,3,2,1,20/03/2018,3,11:45:00,923,S12000036,3,6095,6,20,6,2,5,0,0,0,1,1,1,0,0,1,1
2018950000359,315980,677170,-3.348061,55.980123,95,2,2,1,20/03/2018,3,13:50:00,923,S12000036,4,924,6,50,9,4,3,90,0,0,1,1,1,0,0,2,1
2018950000360,311700,671100,-3.414636,55.924835,95,3,2,2,20/03/2018,3,14:29:00,923,S12000036,6,0,6,50,9,4,6,0,0,0,1,1,1,0,0,2,1
2018950000361,327160,670560,-3.167153,55.922577,95,3,2,1,20/03/2018,3,09:15:00,923,S12000036,3,701,6,30,0,-1,-1,0,0,0,1,1,1,0,0,1,2
2018950000364,324530,671170,-3.209397,55.927651,95,3,1,1,19/03/2018,2,15:30:00,923,S12000036,6,0,6,20,3,4,6,0,0,0,1,1,1,0,0,1,2
2018950000366,324880,671020,-3.203756,55.926358,95,3,1,1,20/03/2018,3,19:30:00,923,S12000036,6,0,6,20,9,4,6,0,0,0,4,1,1,0,0,1,2
2018950000384,318900,672830,-3.299973,55.941643,95,3,3,2,20/03/2018,3,08:30:00,923,S12000036,3,8,6,40,3,4,6,0,0,0,1,1,1,0,0,1,1
2018950000385,322970,673200,-3.234937,55.945638,95,3,1,1,22/03/2018,5,08:28:00,923,S12000036,3,8,6,30,0,-1,-1,0,0,4,1,1,1,0,0,1,1
2018950000388,322860,676040,-3.237512,55.97113,95,3,1,1,22/03/2018,5,18:30:00,923,S12000036,5,0,6,30,3,4,6,0,0,0,5,1,1,0,0,1,1
2018950000390,319330,672880,-3.293106,55.942165,95,3,1,1,18/03/2018,1,14:20:00,923,S12000036,6,0,6,30,0,-1,-1,0,0,5,1,1,1,0,0,1,1
2018950000392,323530,674630,-3.226379,55.958572,95,3,1,1,22/03/2018,5,13:15:00,923,S12000036,5,0,6,30,1,4,4,900,0,8,1,1,1,0,0,1,1
2018950000393,324390,669860,-3.21127,55.915861,95,3,2,1,23/03/2018,6,08:30:00,923,S12000036,6,0,6,30,7,4,6,0,0,0,1,2,2,0,0,1,1
2018950000398,327120,676530,-3.169409,55.976197,95,3,1,1,25/03/2018,1,17:35:00,923,S12000036,3,199,6,20,3,2,6,0,0,5,1,1,1,0,0,1,1
2018950000402,322400,675310,-3.244669,55.964498,95,3,1,1,25/03/2018,1,23:00:00,923,S12000036,6,0,6,20,0,-1,-1,0,0,0,4,1,1,0,0,1,1
2018950000403,322530,668030,-3.240494,55.899126,95,3,2,1,27/03/2018,3,12:35:00,923,S12000036,3,720,3,70,0,-1,-1,0,0,0,1,1,2,0,0,2,1
2018950000406,322090,670710,-3.248302,55.923129,95,3,3,1,28/03/2018,4,17:25:00,923,S12000036,3,70,6,30,0,-1,-1,0,0,0,1,1,1,0,0,1,1
2018950000407,318320,672760,-3.309234,55.940916,95,3,2,1,28/03/2018,4,17:50:00,923,S12000036,3,8,6,40,3,4,6,0,0,0,1,1,1,0,0,1,1
2018950000408,322960,675730,-3.235821,55.968361,95,3,2,1,28/03/2018,4,14:00:00,923,S12000036,5,0,6,30,1,4,5,0,0,0,1,1,1,0,0,1,1
2018950000413,324680,674440,-3.207912,55.957047,95,3,3,1,29/03/2018,5,17:15:00,923,S12000036,6,0,6,20,6,4,6,0,0,0,1,1,1,0,0,1,1
2018950000417,322730,676100,-3.239612,55.971648,95,3,2,1,29/03/2018,5,22:30:00,923,S12000036,6,0,6,20,9,4,6,0,0,8,4,9,1,0,0,1,1
2018950000418,322830,673250,-3.237192,55.946064,95,3,2,1,26/03/2018,2,19:20:00,923,S12000036,3,8,6,20,9,4,6,0,0,0,1,1,1,0,0,1,1
2018950000422,323510,675830,-3.227041,55.969348,95,3,3,2,27/03/2018,3,18:30:00,923,S12000036,6,0,6,30,0,-1,-1,0,0,0,1,1,1,0,0,1,1
2018950000423,328786,674188,-3.1421,55.95541,95,1,1,1,30/03/2018,6,11:30:00,923,S12000036,3,1140,6,30,8,4,6,0,0,4,1,1,1,0,0,1,1
2018950000424,328610,675710,-3.145321,55.969056,95,3,2,2,30/03/2018,6,19:10:00,923,S12000036,6,0,6,20,1,4,3,199,0,0,5,1,2,0,0,1,2
2018950000426,329880,674620,-3.124696,55.959452,95,3,2,1,30/03/2018,6,15:00:00,923,S12000036,3,199,6,40,3,4,6,0,0,0,1,2,2,0,0,1,1
2018950000427,318890,672830,-3.300133,55.941641,95,3,2,2,28/03/2018,4,19:35:00,923,S12000036,3,8,6,40,3,4,6,0,0,4,1,1,1,0,0,1,1
2018950000428,322380,674430,-3.244736,55.956591,95,3,2,1,30/03/2018,6,10:10:00,923,S12000036,3,90,6,30,3,4,6,0,1,5,1,1,1,0,0,1,1
2018950000430,324160,674320,-3.216204,55.955888,95,3,2,1,31/03/2018,7,20:40:00,923,S12000036,6,0,6,20,3,4,5,0,0,0,4,2,2,0,0,1,1
2018950000432,327890,670410,-3.155434,55.921339,95,3,1,1,20/03/2018,3,16:55:00,923,S12000036,6,0,6,20,9,4,6,0,0,0,1,9,1,0,0,1,2
2018950000435,322870,676480,-3.237478,55.975083,95,2,1,1,01/04/2018,1,19:54:00,923,S12000036,6,0,6,20,6,4,6,0,0,0,1,1,1,0,0,1,1
2018950000436,325650,673940,-3.192242,55.952707,95,3,1,1,31/03/2018,7,16:58:00,923,S12000036,6,0,6,20,3,2,3,8,0,5,1,1,1,0,0,1,2
2018950000438,324770,668310,-3.204759,55.901997,95,3,2,2,03/04/2018,3,00:05:00,923,S12000036,3,702,6,30,3,4,4,701,0,5,1,3,1,0,0,1,1
2018950000441,320020,675060,-3.282709,55.961861,95,3,1,1,27/03/2018,3,21:25:00,923,S12000036,6,0,6,30,3,4,3,90,0,5,4,1,1,0,0,1,2
2018950000445,321818,671514,-3.252888,55.930307,95,3,2,1,05/02/2018,2,17:20:00,923,S12000036,3,71,6,30,3,4,6,0,0,0,1,9,1,0,0,1,2
2018950000452,316412,670608,-3.339103,55.921258,95,3,2,1,29/03/2018,5,14:50:00,923,S12000036,6,0,6,20,0,-1,-1,0,0,0,1,1,1,0,0,2,2
2018950000453,311490,677830,-3.420209,55.985245,95,3,2,1,01/04/2018,1,15:57:00,923,S12000036,3,904,6,30,9,2,6,0,0,5,1,1,1,0,0,2,1
2018950000454,325450,672410,-3.195021,55.938933,95,3,2,1,03/04/2018,3,09:45:00,923,S12000036,5,0,6,20,0,-1,-1,0,0,0,1,2,2,0,0,1,1
2018950000455,329140,674720,-3.136572,55.960242,95,3,2,1,05/04/2018,5,21:50:00,923,S12000036,6,0,6,20,3,4,6,0,0,8,4,1,1,0,0,1,1
2018950000456,327200,668480,-3.165951,55.903898,95,3,2,1,03/04/2018,3,14:07:00,923,S12000036,3,701,6,30,3,4,6,0,0,5,1,2,2,0,0,1,1
2018950000458,329911,674251,-3.124103,55.956142,95,2,2,1,20/03/2018,3,10:30:00,923,S12000036,6,0,6,30,0,-1,-1,0,0,0,1,1,1,0,0,1,1
2018950000463,327600,669520,-3.159834,55.913301,95,3,2,1,04/04/2018,4,16:00:00,923,S12000036,5,0,6,20,6,2,6,0,0,0,1,3,3,0,0,1,2
2018950000465,323270,676910,-3.231193,55.97901,95,3,2,1,08/04/2018,1,16:09:00,923,S12000036,5,0,6,30,3,4,6,0,0,4,1,1,1,0,0,1,1
2018950000466,324500,671920,-3.210088,55.934383,95,3,1,1,08/04/2018,1,17:40:00,923,S12000036,6,0,6,20,6,2,6,0,0,5,1,1,1,0,0,1,1
2018950000468,329260,668650,-3.133056,55.905733,95,3,2,1,08/04/2018,1,20:40:00,923,S12000036,3,7,6,30,0,-1,-1,0,0,0,4,1,1,4,0,1,1
2018950000470,321990,674880,-3.251111,55.960569,95,2,2,1,09/04/2018,2,17:50:00,923,S12000036,3,902,6,30,7,4,6,0,0,0,1,1,2,0,0,1,1
2018950000471,329340,674750,-3.133377,55.960541,95,3,3,1,09/04/2018,2,17:50:00,923,S12000036,6,0,6,20,3,4,6,0,0,5,1,1,1,0,0,1,1
2018950000472,318280,671130,-3.30938,55.926268,95,3,2,1,09/04/2018,2,16:54:00,923,S12000036,3,71,6,20,1,4,5,0,0,0,1,1,1,0,0,1,1
2018950000476,322266,671995,-3.245858,55.9347,95,3,2,1,19/03/2018,2,16:00:00,923,S12000036,5,0,3,30,9,4,6,0,0,0,1,1,1,0,0,1,2
2018950000478,324600,673603,-3.208958,55.949517,95,3,1,1,10/04/2018,3,17:10:00,923,S12000036,3,8,6,30,0,-1,-1,0,0,0,1,1,1,0,0,1,2
2018950000479,321630,671500,-3.255892,55.93015,95,3,2,1,11/04/2018,4,14:39:00,923,S12000036,3,71,6,30,3,4,6,0,0,0,1,1,1,0,0,1,1
2018950000480,319260,673390,-3.294379,55.946734,95,3,3,3,12/04/2018,5,13:45:00,923,S12000036,4,701,6,30,3,4,6,0,0,5,1,1,1,0,0,1,1
2018950000483,316280,672740,-3.341877,55.940385,95,3,2,1,13/04/2018,6,12:15:00,923,S12000036,6,0,6,30,0,-1,-1,0,0,0,1,2,2,0,0,2,1
2018950000488,325180,673820,-3.199734,55.951556,95,2,1,1,14/04/2018,7,17:30:00,923,S12000036,3,8,3,20,3,2,5,0,2,5,1,1,1,0,0,1,1
2018950000492,318550,670470,-3.304861,55.920386,95,3,7,1,14/04/2018,7,15:15:00,923,S12000036,3,720,7,50,5,2,3,71,0,0,1,1,1,0,0,1,1
2018950000500,321550,674900,-3.258162,55.960677,95,3,2,1,15/04/2018,1,21:00:00,923,S12000036,3,90,6,30,6,2,6,0,0,5,4,1,1,0,0,1,1
2018950000501,321800,670530,-3.25289,55.921465,95,3,2,1,16/04/2018,2,17:20:00,923,S12000036,3,70,6,40,9,2,6,0,0,0,1,1,1,0,0,1,1
2018950000505,329290,671430,-3.133305,55.93071,95,3,1,1,17/04/2018,3,11:00:00,923,S12000036,6,0,6,20,0,-1,-1,0,0,0,1,1,1,0,0,1,1
2018950000507,320410,672410,-3.275681,55.938123,95,3,1,1,17/04/2018,3,08:20:00,923,S12000036,6,0,6,20,0,-1,-1,0,0,0,1,1,1,0,0,1,1
2018950000509,331220,672910,-3.102801,55.944285,95,3,2,1,18/04/2018,4,07:49:00,923,S12000036,3,1,6,40,9,4,6,0,0,0,1,1,1,0,0,1,1
2018950000511,318620,670910,-3.303874,55.92435,95,3,2,1,18/04/2018,4,08:00:00,923,S12000036,6,0,6,20,3,4,6,0,0,0,1,8,1,0,0,1,2
2018950000512,326341,676031,-3.181752,55.971596,95,2,2,1,18/04/2018,4,19:35:00,923,S12000036,6,0,6,20,8,4,6,0,0,0,1,1,1,0,0,1,1
2018950000517,329130,670190,-3.135539,55.919548,95,3,1,1,17/04/2018,3,00:10:00,923,S12000036,6,0,6,20,3,2,6,0,0,5,4,2,2,0,0,2,1
2018950000519,322570,672150,-3.241038,55.936142,95,3,2,1,19/04/2018,5,16:40:00,923,S12000036,3,71,6,20,9,4,6,0,0,0,1,1,1,0,0,1,1
2018950000520,329110,673290,-3.136676,55.947392,95,3,1,1,19/04/2018,5,17:15:00,923,S12000036,6,0,6,30,3,4,6,0,0,0,1,1,1,0,0,1,1
2018950000521,324780,675144,-3.206507,55.963387,95,3,2,1,19/04/2018,5,15:00:00,923,S12000036,6,0,6,20,0,-1,-1,0,0,0,1,1,1,0,0,1,1
2018950000522,321640,674860,-3.256709,55.960333,95,2,2,1,19/04/2018,5,22:00:00,923,S12000036,3,90,6,30,9,2,3,90,0,0,4,1,1,0,0,1,1
2018950000524,326280,672400,-3.181734,55.938971,95,3,1,1,21/04/2018,7,01:20:00,923,S12000036,3,700,6,20,3,2,6,0,0,5,4,1,1,0,0,1,1
2018950000525,328860,671650,-3.140244,55.932623,95,3,1,1,21/04/2018,7,11:45:00,923,S12000036,3,6095,6,20,0,-1,-1,0,0,0,1,1,1,0,0,1,1
2018950000529,324070,675930,-3.218099,55.970335,95,3,2,1,21/04/2018,7,17:00:00,923,S12000036,6,0,6,30,9,4,6,0,0,0,1,1,1,0,0,1,2
2018950000530,318550,672780,-3.305559,55.941134,95,3,2,1,22/04/2018,1,15:30:00,923,S12000036,3,8,6,40,0,-1,-1,0,0,0,1,1,1,0,0,1,1
2018950000531,313663,666100,-3.381636,55.880281,95,3,1,2,22/04/2018,1,16:40:00,923,S12000036,3,70,6,60,0,-1,-1,0,0,0,1,1,1,0,0,2,2
2018950000534,319160,674890,-3.29643,55.96019,95,3,4,1,22/04/2018,1,17:55:00,923,S12000036,6,0,6,20,3,4,3,90,0,0,1,1,1,0,0,1,1
2018950000535,329910,673010,-3.123796,55.944994,95,3,1,1,20/04/2018,6,15:30:00,923,S12000036,6,0,6,20,0,-1,-1,0,0,0,1,1,1,0,0,1,1
2018950000537,318272,670694,-3.309376,55.92235,95,3,3,1,23/04/2018,2,14:45:00,923,S12000036,3,720,3,50,5,4,1,8,0,0,1,1,1,0,0,2,1
2018950000545,329060,673350,-3.137492,55.947923,95,3,2,1,24/04/2018,3,09:49:00,923,S12000036,6,0,6,30,3,4,3,1,0,0,1,1,1,0,0,1,1
2018950000547,322520,672360,-3.241899,55.93802,95,3,1,1,25/04/2018,4,14:10:00,923,S12000036,6,0,6,30,6,2,5,0,0,0,1,2,2,0,0,1,1
2018950000548,317408,670450,-3.323123,55.920011,95,3,2,1,25/04/2018,4,16:56:00,923,S12000036,1,8,3,70,0,-1,-1,0,0,0,1,1,1,0,0,2,1
2018950000554,327470,667550,-3.161384,55.895585,95,3,2,1,27/04/2018,6,19:45:00,923,S12000036,3,701,3,40,5,4,6,0,0,0,1,1,1,0,0,1,1
2018950000556,321360,674600,-3.261117,55.957951,95,3,2,2,17/04/2018,3,17:20:00,923,S12000036,6,0,6,20,6,4,6,0,0,0,1,1,1,3,0,1,1
2018950000557,326113,672843,-3.184529,55.942925,95,3,1,1,04/04/2018,4,13:30:00,923,S12000036,6,0,6,20,3,4,6,0,0,0,1,1,4,0,0,1,2
2018950000560,327930,674640,-3.155927,55.959343,95,3,1,1,27/04/2018,6,20:10:00,923,S12000036,6,0,1,20,1,4,6,0,0,1,1,1,1,0,0,1,1
2018950000565,318360,671910,-3.308337,55.933288,95,3,2,2,28/04/2018,7,14:00:00,923,S12000036,6,0,6,30,8,4,6,0,0,0,1,1,1,0,0,1,1
2018950000567,320420,676410,-3.276704,55.974054,95,3,2,1,30/04/2018,2,18:59:00,923,S12000036,6,0,6,20,0,-1,-1,0,0,0,1,1,1,0,0,1,1
2018950000569,325454,672571,-3.195001,55.94038,95,2,2,1,14/03/2018,4,08:22:00,923,S12000036,3,700,6,20,3,4,5,0,2,4,1,1,1,0,0,1,2
2018950000571,329990,674350,-3.122864,55.957043,95,3,2,1,27/04/2018,6,14:10:00,923,S12000036,6,0,3,40,0,-1,-1,0,0,5,1,1,1,0,0,1,1
2018950000572,331210,672460,-3.102846,55.940242,95,3,2,1,01/05/2018,3,08:28:00,923,S12000036,6,0,6,30,1,4,3,1,0,0,1,1,1,0,0,1,1
2018950000573,312950,678370,-3.396991,55.990362,95,3,1,1,30/04/2018,2,16:55:00,923,S12000036,6,0,6,20,9,4,6,0,0,0,1,1,1,0,0,1,1
2018950000576,319390,672390,-3.291999,55.937773,95,3,2,1,28/04/2018,7,15:30:00,923,S12000036,6,0,6,20,3,4,6,0,0,5,1,1,1,0,0,1,2
2018950000587,322140,675000,-3.248744,55.961672,95,3,1,1,04/05/2018,6,20:00:00,923,S12000036,6,0,2,20,0,-1,-1,0,0,0,5,1,1,0,0,1,1
2018950000588,324420,667820,-3.210218,55.897541,95,3,2,1,04/05/2018,6,15:10:00,923,S12000036,3,720,3,70,0,-1,-1,0,0,0,1,1,1,0,0,2,1
2018950000591,322740,668060,-3.237146,55.89943,95,3,4,1,04/05/2018,6,17:15:00,923,S12000036,3,720,3,70,0,-1,-1,0,0,0,1,1,1,0,0,2,1
2018950000596,319460,672960,-3.291049,55.942905,95,3,1,1,07/05/2018,2,17:50:00,923,S12000036,3,8,6,30,0,-1,-1,0,0,0,1,1,1,0,0,1,1
2018950000598,331160,673560,-3.103928,55.950116,95,2,2,1,07/05/2018,2,14:36:00,923,S12000036,4,6415,6,20,6,4,6,0,0,0,1,1,1,0,0,1,1
2018950000599,326950,674690,-3.171633,55.959644,95,3,2,1,07/05/2018,2,17:50:00,923,S12000036,5,0,6,20,7,4,6,0,0,5,1,1,1,0,0,1,1
2018950000608,325740,672260,-3.190338,55.93763,95,3,3,2,09/05/2018,4,16:00:00,923,S12000036,6,0,6,20,0,-1,-1,0,0,0,1,1,1,0,0,1,1
2018950000609,314250,670740,-3.373729,55.922063,95,3,1,1,10/05/2018,5,08:15:00,923,S12000036,6,0,6,30,0,-1,-1,0,0,0,1,1,1,0,0,2,3
2018950000614,323770,674230,-3.222423,55.955017,95,3,2,1,10/05/2018,5,18:40:00,923,S12000036,3,90,6,30,6,2,6,0,0,5,5,1,1,0,0,1,1
2018950000616,330370,672720,-3.116358,55.942456,95,3,1,1,01/05/2018,3,09:25:00,923,S12000036,3,6106,6,30,3,4,6,0,0,8,1,1,1,0,0,1,1
2018950000617,326910,672680,-3.171728,55.941582,95,3,2,1,11/05/2018,6,14:05:00,923,S12000036,6,0,6,20,2,4,6,0,0,1,1,1,1,0,0,1,1
2018950000619,321010,672870,-3.266214,55.942355,95,3,2,1,11/05/2018,6,14:33:00,923,S12000036,3,8,6,30,3,4,6,0,0,0,1,1,1,0,0,1,1
2018950000622,319320,672910,-3.293275,55.942432,95,3,2,1,12/05/2018,7,17:00:00,923,S12000036,6,0,1,30,1,4,3,8,0,4,1,1,1,0,0,1,1
2018950000627,327020,675000,-3.170596,55.962439,95,3,1,1,13/05/2018,1,20:35:00,923,S12000036,6,0,6,20,9,4,5,0,0,0,1,1,1,0,0,1,1
2018950000628,324500,669150,-3.209311,55.9095,95,3,2,1,14/05/2018,2,16:00:00,923,S12000036,6,0,6,20,3,4,6,0,0,0,1,1,1,0,0,1,1
2018950000632,328640,673820,-3.14434,55.952083,95,3,2,1,14/05/2018,2,16:50:00,923,S12000036,3,1,6,30,9,4,6,0,0,0,1,1,1,0,0,1,2
2018950000633,331772,667961,-3.092713,55.899907,95,3,2,1,15/05/2018,3,19:20:00,923,S12000036,3,720,1,40,1,2,3,7,0,0,1,1,1,0,0,2,1
2018950000634,324060,673130,-3.21747,55.945183,95,3,1,1,06/05/2018,1,23:00:00,923,S12000036,3,70,6,30,0,-1,-1,0,0,0,4,1,1,0,0,1,1
2018950000635,321510,671460,-3.2578,55.929771,95,3,2,3,16/05/2018,4,18:40:00,923,S12000036,3,71,6,30,0,-1,-1,0,0,0,1,1,1,0,0,1,1
2018950000637,325940,673640,-3.187517,55.950057,95,2,2,1,15/05/2018,3,11:51:00,923,S12000036,3,7,6,20,6,2,3,7,0,5,1,1,1,0,0,1,1
2018950000640,322510,672370,-3.242062,55.938108,95,3,1,1,18/05/2018,6,16:20:00,923,S12000036,6,0,6,20,6,2,5,0,0,5,1,1,1,0,0,1,1
2018950000641,323120,668090,-3.231079,55.89976,95,3,2,1,18/05/2018,6,20:15:00,923,S12000036,6,0,7,40,3,4,3,720,0,0,1,1,1,0,0,1,1
2018950000642,312950,678060,-3.396891,55.987578,95,3,1,1,14/05/2018,2,13:15:00,923,S12000036,6,0,6,20,9,4,6,0,0,0,1,1,1,0,0,1,1
2018950000643,324350,669300,-3.211752,55.910824,95,2,1,1,19/05/2018,7,11:05:00,923,S12000036,3,702,6,40,3,4,6,0,0,0,1,1,1,0,0,1,1
2018950000645,329980,674400,-3.123037,55.95749,95,3,3,2,19/05/2018,7,11:05:00,923,S12000036,6,0,3,30,7,2,3,1140,0,5,1,1,1,0,0,1,1
2018950000648,325800,677010,-3.190687,55.980307,95,3,2,1,19/05/2018,7,08:30:00,923,S12000036,3,901,6,30,9,4,6,0,0,5,1,8,1,0,0,1,2
2018950000651,324510,670900,-3.209642,55.925222,95,3,2,1,21/05/2018,2,08:00:00,923,S12000036,6,0,6,20,0,-1,-1,0,0,0,1,1,1,0,0,1,1
2018950000653,321490,674940,-3.259135,55.961027,95,3,2,1,21/05/2018,2,08:05:00,923,S12000036,3,90,6,40,0,-1,-1,0,0,0,1,1,1,0,0,1,2
2018950000656,328020,673940,-3.154298,55.953068,95,3,2,1,16/05/2018,4,16:00:00,923,S12000036,6,0,2,20,0,-1,-1,0,0,0,1,1,1,0,0,1,2
2018950000657,323280,676740,-3.230984,55.977485,95,3,2,1,21/05/2018,2,17:00:00,923,S12000036,6,0,6,20,9,4,6,0,0,0,1,1,1,0,0,1,1
2018950000658,327760,674920,-3.158724,55.961832,95,3,1,1,21/05/2018,2,09:30:00,923,S12000036,6,0,6,20,0,-1,-1,0,0,0,1,1,1,0,0,1,1
2018950000660,324790,668250,-3.204423,55.901461,95,3,2,1,07/05/2018,2,09:00:00,923,S12000036,3,702,3,40,6,2,4,701,0,5,1,1,1,0,0,1,1
2018950000664,318750,670160,-3.301569,55.917635,95,2,3,5,23/05/2018,4,20:00:00,923,S12000036,3,720,7,70,5,2,3,71,0,0,1,1,1,0,0,1,1
2018950000666,322650,668040,-3.238579,55.899235,95,3,4,1,17/05/2018,5,15:20:00,923,S12000036,3,720,3,70,0,-1,-1,0,0,0,1,1,1,0,0,2,1
2018950000667,321390,671450,-3.259717,55.929662,95,3,4,2,19/05/2018,7,18:30:00,923,S12000036,3,71,6,20,0,-1,-1,0,0,0,1,1,1,0,0,1,1
2018950000668,328650,668460,-3.14276,55.903936,95,3,2,1,24/05/2018,5,07:25:00,923,S12000036,4,701,6,30,6,4,6,0,0,0,1,1,1,0,0,1,1
2018950000671,318170,673970,-3.312002,55.951758,95,1,5,5,25/05/2018,6,00:20:00,923,S12000036,3,902,6,40,0,-1,-1,0,0,0,4,1,1,0,0,1,1
2018950000672,321930,670620,-3.250836,55.922294,95,3,2,2,25/05/2018,6,07:52:00,923,S12000036,3,70,6,30,0,-1,-1,0,0,0,1,1,1,0,0,1,2
2018950000675,319830,672960,-3.285127,55.942967,95,2,1,1,19/05/2018,7,10:40:00,923,S12000036,3,8,6,20,3,2,6,0,0,5,1,1,1,0,0,1,1
2018950000681,320050,670350,-3.280831,55.91956,95,2,1,1,17/05/2018,5,17:00:00,923,S12000036,6,0,6,20,3,4,6,0,0,0,1,1,1,0,0,1,2
2018950000685,321850,667960,-3.251346,55.898388,95,3,2,1,24/05/2018,5,23:05:00,923,S12000036,3,720,3,70,0,-1,-1,0,0,0,6,1,1,0,0,2,1
2018950000688,328130,669880,-3.151453,55.916614,95,3,3,1,30/05/2018,4,15:55:00,923,S12000036,3,772,6,30,0,-1,-1,0,0,0,1,1,1,0,0,2,1
2018950000694,319200,672910,-3.295195,55.942412,95,3,2,1,31/05/2018,5,20:25:00,923,S12000036,3,8,6,40,3,3,6,0,0,8,1,1,1,0,0,1,1
2018950000696,327680,669930,-3.158665,55.916996,95,3,2,1,31/05/2018,5,17:03:00,923,S12000036,6,0,6,20,3,4,6,0,0,0,1,1,1,0,0,1,2
2018950000701,328040,675140,-3.154299,55.96385,95,3,2,2,01/06/2018,6,12:20:00,923,S12000036,6,0,6,30,2,4,6,0,0,0,1,1,1,0,0,1,1
2018950000706,319730,670020,-3.285852,55.916542,95,2,2,1,04/06/2018,2,15:10:00,923,S12000036,6,0,2,20,0,-1,-1,0,0,1,1,1,1,0,0,1,1
2018950000707,326710,671140,-3.174509,55.927718,95,3,2,1,04/06/2018,2,08:20:00,923,S12000036,5,0,6,30,3,4,6,0,0,8,1,1,1,0,0,1,1
2018950000709,320110,672910,-3.28063,55.942565,95,3,2,2,04/06/2018,2,17:04:00,923,S12000036,3,8,6,20,3,2,6,0,0,0,1,1,1,0,0,1,1
2018950000710,322540,676900,-3.242885,55.978803,95,3,2,2,04/06/2018,2,17:00:00,923,S12000036,6,0,6,30,0,-1,-1,0,0,5,1,1,1,0,0,1,1
2018950000711,327400,666860,-3.162318,55.889377,95,3,2,1,31/05/2018,5,18:06:00,923,S12000036,3,701,1,40,1,4,3,720,0,0,1,1,1,0,0,2,1
2018950000714,318927,670572,-3.298861,55.921365,95,3,1,1,05/06/2018,3,13:01:00,923,S12000036,6,0,6,30,0,-1,-1,0,0,0,1,1,1,0,0,1,1
2018950000717,319320,670980,-3.292697,55.925096,95,3,4,1,05/06/2018,3,07:39:00,923,S12000036,6,0,6,20,3,4,6,0,0,0,1,1,1,0,0,1,1
2018950000719,324470,669340,-3.209844,55.911202,95,3,1,1,19/05/2018,7,16:20:00,923,S12000036,6,0,6,30,8,4,6,0,0,0,1,1,1,0,0,1,1
2018950000720,318080,669040,-3.311945,55.907461,95,2,2,1,06/06/2018,4,08:35:00,923,S12000036,6,0,6,40,0,-1,-1,0,0,0,1,1,1,0,0,1,1
2018950000722,329810,674730,-3.125845,55.96043,95,3,3,1,31/05/2018,5,17:00:00,923,S12000036,3,199,6,40,0,-1,-1,0,0,0,1,1,1,0,0,1,1
2018950000723,323390,668950,-3.227006,55.907528,95,3,2,1,06/06/2018,4,16:03:00,923,S12000036,6,0,6,30,3,4,6,0,0,0,1,1,1,0,0,1,1
2018950000724,321720,672040,-3.254609,55.935016,95,3,2,1,06/06/2018,4,19:15:00,923,S12000036,5,0,6,30,0,-1,-1,0,0,0,1,1,1,0,0,1,1
2018950000727,322310,671880,-3.245121,55.933675,95,3,1,1,28/04/2018,7,22:10:00,923,S12000036,3,71,6,30,7,2,5,0,0,5,4,9,1,0,0,1,2
2018950000728,323200,676870,-3.232303,55.97864,95,3,2,1,07/06/2018,5,16:30:00,923,S12000036,5,0,6,30,0,-1,-1,0,0,1,1,1,1,0,0,1,1
2018950000729,317890,671300,-3.315671,55.927728,95,2,5,8,06/06/2018,4,17:15:00,923,S12000036,3,720,3,50,0,-1,-1,0,0,0,1,1,1,0,0,1,1
2018950000731,330330,674080,-3.11735,55.954667,95,3,3,3,04/06/2018,2,12:15:00,923,S12000036,4,6415,6,30,9,4,6,0,0,0,1,1,1,0,0,1,1
2018950000735,324130,672670,-3.21622,55.941062,95,3,2,1,09/06/2018,7,09:00:00,923,S12000036,5,0,6,20,0,-1,-1,0,0,4,1,1,1,0,0,1,1
2018950000736,331220,672910,-3.102801,55.944285,95,3,2,2,09/06/2018,7,14:35:00,923,S12000036,3,1,6,40,7,2,6,0,0,5,1,1,1,0,0,1,1
2018950000738,317780,675540,-3.318725,55.965794,95,3,3,3,10/06/2018,1,16:35:00,923,S12000036,3,90,3,40,0,-1,-1,0,0,0,1,1,1,0,0,2,1
2018950000739,312280,677650,-3.407492,55.983773,95,3,2,2,11/06/2018,2,00:05:00,923,S12000036,3,904,6,30,8,4,6,0,0,0,4,1,1,0,0,1,1
2018950000743,315170,672820,-3.359666,55.940909,95,3,3,5,11/06/2018,2,12:00:00,923,S12000036,6,0,6,60,0,-1,-1,0,0,0,1,2,2,0,0,2,1
2018950000744,323330,677060,-3.230275,55.980367,95,3,2,1,06/06/2018,4,18:55:00,923,S12000036,5,0,6,30,9,4,6,0,0,0,1,1,1,0,0,1,1
2018950000746,324910,673910,-3.204081,55.952323,95,3,1,1,12/06/2018,3,11:50:00,923,S12000036,5,0,6,30,0,-1,-1,0,0,0,1,1,1,0,0,1,2
2018950000750,320880,669050,-3.267173,55.90802,95,3,2,2,11/06/2018,2,16:00:00,923,S12000036,6,0,6,20,6,4,6,0,0,0,1,1,1,0,0,1,1
2018950000756,320996,674555,-3.266932,55.957487,95,3,1,1,12/06/2018,3,20:45:00,923,S12000036,6,0,6,20,0,-1,-1,0,0,8,1,1,1,0,0,1,1
2018950000757,319600,670730,-3.288143,55.922898,95,3,1,1,13/06/2018,4,18:20:00,923,S12000036,3,71,3,40,0,-1,-1,0,0,4,1,2,2,0,0,1,1
2018950000758,315280,673230,-3.358035,55.944611,95,2,10,5,13/06/2018,4,17:15:00,923,S12000036,6,0,6,30,9,2,6,0,0,0,1,1,1,0,0,2,1
2018950000760,325825,672039,-3.188917,55.935658,95,3,1,1,13/06/2018,4,15:35:00,923,S12000036,5,0,6,20,0,-1,-1,0,0,0,1,1,1,0,0,1,1
2018950000761,329110,673210,-3.136655,55.946673,95,3,2,2,14/06/2018,5,10:00:00,923,S12000036,3,1,6,30,0,-1,-1,0,0,0,1,4,1,0,0,1,1
2018950000764,324809,670709,-3.204805,55.923553,95,3,2,1,15/06/2018,6,11:35:00,923,S12000036,6,0,6,20,3,4,6,0,0,0,1,4,1,0,0,1,1
2018950000766,325600,673420,-3.192899,55.948029,95,3,1,1,14/06/2018,5,09:40:00,923,S12000036,5,0,6,20,0,-1,-1,0,0,0,1,4,1,0,0,1,2
2018950000767,325330,674030,-3.197391,55.953466,95,3,2,1,15/06/2018,6,14:55:00,923,S12000036,5,0,1,20,1,4,5,0,0,1,1,1,1,0,0,1,2
2018950000768,323090,676830,-3.234054,55.978263,95,2,1,1,16/06/2018,7,13:50:00,923,S12000036,5,0,6,30,3,4,6,0,0,0,1,2,2,0,0,1,1
2018950000769,325090,673780,-3.201163,55.951183,95,2,1,1,16/06/2018,7,16:20:00,923,S12000036,3,8,6,20,0,-1,-1,0,0,5,1,3,2,4,0,1,2
2018950000772,321620,669000,-3.255325,55.907692,95,3,1,1,01/06/2018,6,08:30:00,923,S12000036,4,701,6,30,9,2,6,0,0,0,1,1,1,0,0,1,2
2018950000773,325120,674990,-3.20102,55.962056,95,3,1,1,16/06/2018,7,11:15:00,923,S12000036,5,0,6,20,3,4,6,0,0,0,1,1,1,0,0,1,2
2018950000776,319910,671140,-3.283305,55.926632,95,2,2,1,18/06/2018,2,06:40:00,923,S12000036,6,0,6,30,9,4,6,0,0,4,1,1,1,0,0,1,1
2018950000778,328650,672770,-3.143901,55.942652,95,3,2,1,18/06/2018,2,08:40:00,923,S12000036,5,0,6,20,6,2,6,0,1,5,1,1,1,0,0,1,1
2018950000779,324210,674140,-3.215353,55.954279,95,3,2,1,17/06/2018,1,00:30:00,923,S12000036,3,90,6,20,0,-1,-1,0,0,4,4,1,1,0,0,1,1
2018950000781,326140,673090,-3.184164,55.945148,95,3,1,1,18/06/2018,2,07:40:00,923,S12000036,3,7,6,20,6,4,6,0,0,0,1,1,1,4,2,1,1
2018950000785,326960,674760,-3.171492,55.960274,95,3,1,1,14/06/2018,5,13:00:00,923,S12000036,5,0,6,20,9,4,6,0,0,0,1,1,1,0,0,1,1
2018950000786,327870,668270,-3.155181,55.902113,95,3,2,2,18/06/2018,2,19:50:00,923,S12000036,4,701,6,30,9,4,6,0,0,0,1,1,1,0,0,1,1
2018950000787,319330,672930,-3.293121,55.942614,95,3,1,1,18/06/2018,2,16:00:00,923,S12000036,3,8,6,30,1,4,4,701,0,5,1,1,1,0,0,1,1
2018950000790,323730,672490,-3.222571,55.939382,95,2,1,1,11/06/2018,2,19:45:00,923,S12000036,6,0,2,40,0,-1,-1,0,0,0,1,1,1,0,0,1,1
2018950000793,326940,674810,-3.171826,55.96072,95,3,1,1,15/06/2018,6,14:30:00,923,S12000036,6,0,6,20,0,-1,-1,0,0,0,1,1,1,0,0,1,1
2018950000794,325560,676210,-3.194311,55.973083,95,3,3,7,20/06/2018,4,08:56:00,923,S12000036,6,0,6,30,0,-1,-1,0,0,0,1,2,2,0,0,1,1
2018950000797,325880,675430,-3.18897,55.966127,95,3,2,1,20/06/2018,4,18:15:00,923,S12000036,6,0,6,20,3,4,4,900,0,0,1,1,1,0,0,1,2
2018950000798,319990,675070,-3.283193,55.961946,95,3,2,1,20/06/2018,4,16:30:00,923,S12000036,3,90,6,40,9,2,6,0,0,4,1,1,1,0,0,1,1
2018950000799,331096,671815,-3.104506,55.934431,95,3,1,1,20/06/2018,4,17:35:00,923,S12000036,6,0,6,20,0,-1,-1,0,0,0,1,1,1,0,0,1,1
2018950000803,331750,667981,-3.09307,55.900083,95,3,2,1,18/06/2018,2,16:20:00,923,S12000036,3,720,1,70,1,2,3,7,0,0,1,1,1,0,0,2,1
2018950000805,318650,670360,-3.303229,55.919414,95,3,3,1,22/06/2018,6,14:55:00,923,S12000036,3,720,3,50,5,4,3,71,0,0,1,1,1,0,0,1,1
2018950000806,318660,670330,-3.30306,55.919147,95,3,3,3,22/06/2018,6,14:50:00,923,S12000036,3,720,3,50,5,4,3,71,0,0,1,1,1,0,0,1,1
2018950000807,322420,673180,-3.243735,55.94537,95,3,2,2,22/06/2018,6,14:15:00,923,S12000036,3,8,6,30,3,4,6,0,0,5,1,1,1,0,0,1,1
2018950000808,325970,673510,-3.187001,55.948894,95,2,1,1,23/06/2018,7,21:25:00,923,S12000036,3,7,6,20,0,-1,-1,0,0,4,1,1,1,0,0,1,1
2018950000812,324400,673050,-3.212005,55.944518,95,2,1,1,24/06/2018,1,19:55:00,923,S12000036,6,0,2,20,0,-1,-1,0,0,0,1,1,1,0,0,1,1
2018950000813,315920,672340,-3.347513,55.936729,95,3,4,4,24/06/2018,1,18:30:00,923,S12000036,6,0,3,60,0,-1,-1,0,0,0,1,1,1,0,0,2,1
2018950000815,326890,675980,-3.172944,55.971222,95,3,1,1,25/06/2018,2,10:25:00,923,S12000036,3,901,6,20,0,-1,-1,0,0,8,1,1,1,0,0,1,1
2018950000818,317680,670640,-3.31883,55.921764,95,3,3,1,25/06/2018,2,09:45:00,923,S12000036,1,8,3,70,0,-1,-1,0,0,0,1,1,1,0,0,2,1
2018950000819,327030,675220,-3.170496,55.964416,95,2,2,1,16/06/2018,7,15:15:00,923,S12000036,5,0,6,20,6,4,6,0,0,0,1,2,2,0,0,1,2
2018950000822,329080,673270,-3.137151,55.947208,95,2,1,3,25/06/2018,2,18:15:00,923,S12000036,3,1,6,30,8,4,6,0,0,4,1,1,1,0,0,1,1
2018950000824,326230,674500,-3.18311,55.957827,95,2,1,1,26/06/2018,3,16:23:00,923,S12000036,6,0,6,20,1,4,3,900,0,4,1,1,1,0,0,1,1
2018950000825,324010,673200,-3.21829,55.945804,95,2,1,1,26/06/2018,3,17:00:00,923,S12000036,3,8,6,20,9,4,3,8,0,5,1,1,1,0,2,1,1
2018950000826,318040,670920,-3.313156,55.924341,95,3,3,2,24/06/2018,1,15:40:00,923,S12000036,1,8,3,70,1,2,3,720,0,0,1,1,1,0,0,2,1
2018950000830,318850,672830,-3.300773,55.941634,95,3,2,1,28/06/2018,5,16:47:00,923,S12000036,3,8,6,40,9,4,6,0,0,0,1,1,1,0,0,1,1
2018950000831,328800,671650,-3.141204,55.932614,95,3,2,1,28/06/2018,5,20:30:00,923,S12000036,5,0,6,30,6,2,3,6095,0,5,1,1,1,0,0,1,1
2018950000833,326630,672460,-3.176149,55.939563,95,3,2,1,28/06/2018,5,14:35:00,923,S12000036,4,1350,6,30,3,4,6,0,0,0,1,1,1,0,0,1,1
2018950000836,324100,673240,-3.21686,55.946177,95,3,2,2,29/06/2018,6,12:15:00,923,S12000036,3,70,6,20,9,4,3,8,0,0,1,1,1,0,0,1,1
2018950000837,322750,676710,-3.239467,55.97713,95,2,2,2,28/06/2018,5,11:55:00,923,S12000036,5,0,6,30,3,4,5,0,0,0,1,1,1,0,0,1,1
2018950000842,328900,668420,-3.138752,55.903614,95,3,2,1,29/06/2018,6,17:55:00,923,S12000036,4,701,6,30,0,-1,-1,0,2,5,1,1,1,0,0,1,1
2018950000843,324550,674630,-3.210047,55.958734,95,3,2,1,26/06/2018,3,18:15:00,923,S12000036,3,900,6,20,9,2,4,900,0,5,1,1,1,0,0,1,1
2018950000845,319810,671420,-3.284989,55.929131,95,2,1,1,30/06/2018,7,20:20:00,923,S12000036,6,0,6,20,1,2,6,0,0,5,1,1,1,0,0,1,1
2018950000849,326060,674405,-3.185806,55.956947,95,3,1,1,01/07/2018,1,00:20:00,923,S12000036,3,900,6,20,0,-1,-1,0,0,4,4,1,1,4,0,1,1
2018950000851,330090,673750,-3.121107,55.951668,95,3,2,3,01/07/2018,1,14:00:00,923,S12000036,6,0,6,40,3,4,3,6106,0,0,1,1,1,0,0,1,1
2018950000853,325140,673970,-3.200416,55.952898,95,3,2,2,30/06/2018,7,15:00:00,923,S12000036,5,0,1,20,2,4,5,0,0,4,1,1,5,0,0,1,1
2018950000857,325650,673920,-3.192237,55.952528,95,3,1,1,29/06/2018,6,12:35:00,923,S12000036,6,0,6,20,3,2,3,8,0,0,1,1,1,0,0,1,2
2018950000863,322300,671400,-3.245142,55.929361,95,3,2,1,02/07/2018,2,18:45:00,923,S12000036,6,0,6,30,0,-1,-1,0,0,0,1,1,1,0,0,1,2
2018950000864,NA,NA,NA,NA,95,3,1,1,02/07/2018,2,18:00:00,923,S12000036,6,0,6,20,0,-1,-1,0,0,5,1,1,1,0,0,3,1
2018950000866,315160,672320,-3.359669,55.936416,95,3,2,1,25/06/2018,2,14:00:00,923,S12000036,6,0,1,30,1,4,3,8,0,0,1,1,1,0,0,2,2
2018950000868,329940,671830,-3.123009,55.934399,95,3,1,1,03/07/2018,3,15:00:00,923,S12000036,6,0,6,20,0,-1,-1,0,0,5,1,1,1,0,0,1,1
2018950000869,326000,673060,-3.186397,55.944857,95,3,1,1,03/07/2018,3,22:10:00,923,S12000036,6,0,6,20,0,-1,-1,0,0,8,1,1,1,0,0,1,1
2018950000871,331762,668003,-3.092883,55.900283,95,3,2,3,03/07/2018,3,20:50:00,923,S12000036,3,720,1,70,1,2,6,0,0,8,1,1,1,0,0,2,1
2018950000874,326582,667063,-3.175447,55.891076,95,2,3,2,04/07/2018,4,15:50:00,923,S12000036,3,720,3,70,0,-1,-1,0,0,0,1,1,1,0,0,2,1
2018950000879,325380,677050,-3.197427,55.980601,95,3,1,1,06/07/2018,6,12:25:00,923,S12000036,3,901,6,30,0,-1,-1,0,0,0,1,1,1,0,0,1,1
2018950000880,325610,673640,-3.1928,55.950006,95,2,1,1,06/07/2018,6,08:15:00,923,S12000036,5,0,6,20,3,4,6,0,0,0,1,1,1,0,0,1,1
2018950000881,325260,673840,-3.198459,55.951748,95,3,1,1,06/07/2018,6,11:20:00,923,S12000036,3,8,6,20,0,-1,-1,0,0,4,1,1,1,0,0,1,1
2018950000882,325400,673350,-3.196081,55.947369,95,3,2,1,05/07/2018,5,09:05:00,923,S12000036,6,0,6,20,3,4,6,0,0,5,1,1,1,0,0,1,2
2018950000884,332262,673362,-3.086235,55.948494,95,3,3,1,07/07/2018,7,05:50:00,923,S12000036,6,0,6,30,0,-1,-1,0,0,0,1,1,1,5,0,1,1
2018950000885,329130,674710,-3.136729,55.96015,95,2,2,1,05/07/2018,5,12:40:00,923,S12000036,6,0,6,20,3,4,6,0,0,8,1,1,1,0,0,1,1
2018950000888,322110,671750,-3.248284,55.932474,95,2,2,1,06/07/2018,6,20:00:00,923,S12000036,3,71,6,30,0,-1,-1,0,0,0,1,1,1,0,0,1,1
2018950000892,327990,668320,-3.153276,55.90258,95,3,1,1,07/07/2018,7,17:00:00,923,S12000036,4,701,6,30,3,4,6,0,0,8,1,1,1,0,0,1,1
2018950000893,323610,677170,-3.22582,55.9814,95,3,2,1,08/07/2018,1,10:10:00,923,S12000036,6,0,6,20,6,4,6,0,0,0,1,1,1,0,0,1,1
2018950000895,317200,667260,-3.325472,55.891322,95,3,1,1,03/07/2018,3,11:35:00,923,S12000036,6,0,6,30,0,-1,-1,0,0,0,1,1,1,0,0,1,1
2018950000900,328670,674180,-3.143955,55.955321,95,3,2,1,09/07/2018,2,08:00:00,923,S12000036,6,0,6,30,3,4,3,1140,0,0,1,1,1,0,0,1,2
2018950000902,326630,672010,-3.176027,55.935521,95,3,1,1,10/07/2018,3,17:00:00,923,S12000036,6,0,6,20,3,4,6,0,0,0,1,1,1,4,0,1,1
2018950000903,329690,667510,-3.125883,55.895556,95,2,1,1,10/07/2018,3,20:43:00,923,S12000036,3,720,3,70,0,-1,-1,0,0,0,1,1,1,0,0,2,1
2018950000904,326520,676450,-3.178999,55.975387,95,3,2,1,10/07/2018,3,12:08:00,923,S12000036,6,0,6,20,6,2,3,901,0,5,1,1,1,0,0,1,1
2018950000906,322100,673310,-3.248895,55.946485,95,3,2,1,10/07/2018,3,07:47:00,923,S12000036,6,0,6,20,3,4,6,0,0,0,1,1,1,0,0,1,1
2018950000910,319650,670730,-3.287343,55.922906,95,2,1,2,11/07/2018,4,16:30:00,923,S12000036,3,71,3,40,0,-1,-1,0,0,5,1,1,1,0,0,1,1
2018950000911,320690,672942,-3.271357,55.942949,95,3,2,1,08/04/2018,1,11:15:00,923,S12000036,3,8,6,30,0,-1,-1,0,0,0,1,1,1,0,0,1,2
2018950000912,314540,669180,-3.368596,55.908102,95,3,2,3,08/07/2018,1,16:50:00,923,S12000036,3,71,6,60,3,4,6,0,0,0,1,1,1,0,0,2,2
2018950000913,330510,671750,-3.113866,55.933763,95,2,1,1,12/07/2018,5,12:30:00,923,S12000036,3,6106,6,30,6,2,3,6095,0,4,1,1,1,0,0,1,1
2018950000914,318220,671000,-3.310301,55.92509,95,3,2,1,11/07/2018,4,16:45:00,923,S12000036,3,720,3,50,0,-1,-1,0,0,0,1,1,1,0,0,1,1
2018950000922,324982,667176,-3.201055,55.891844,95,3,2,4,14/07/2018,7,15:30:00,923,S12000036,3,702,6,40,0,-1,-1,0,0,0,1,1,1,0,0,1,1
2018950000925,324300,670210,-3.212807,55.918991,95,3,2,1,14/07/2018,7,10:00:00,923,S12000036,3,702,6,40,0,-1,-1,0,0,0,1,1,1,0,0,1,1
2018950000926,325980,673470,-3.18683,55.948536,95,3,2,1,13/07/2018,6,08:50:00,923,S12000036,3,7,6,30,0,-1,-1,0,0,0,1,1,1,0,0,1,2
2018950000927,329970,674400,-3.123197,55.957489,95,3,2,1,15/07/2018,1,15:42:00,923,S12000036,3,1140,6,30,7,2,3,199,0,5,1,1,1,0,0,1,1
2018950000928,325660,673950,-3.192085,55.952799,95,3,2,1,15/07/2018,1,14:30:00,923,S12000036,3,8,6,20,3,4,6,0,0,5,1,1,1,0,0,1,1
2018950000930,317490,672480,-3.322432,55.938259,95,3,1,1,15/07/2018,1,17:00:00,923,S12000036,3,720,3,50,0,-1,-1,0,0,0,1,2,2,0,0,2,1
2018950000934,324240,674090,-3.214858,55.953834,95,3,2,1,14/07/2018,7,23:30:00,923,S12000036,3,90,6,30,3,4,6,0,0,0,4,1,1,0,0,1,2
2018950000936,326180,674620,-3.183944,55.958897,95,3,1,1,16/07/2018,2,12:40:00,923,S12000036,3,900,6,20,0,-1,-1,0,0,0,1,1,1,0,0,1,2
2018950000937,325480,673660,-3.194887,55.950166,95,3,2,1,13/07/2018,6,14:40:00,923,S12000036,5,0,6,20,3,2,6,0,0,5,1,2,2,0,0,1,1
2018950000939,327540,671290,-3.16127,55.929191,95,3,2,1,09/07/2018,2,17:00:00,923,S12000036,6,0,1,30,1,2,4,6095,0,0,1,1,1,0,0,1,1
2018950000943,323220,672380,-3.230702,55.938312,95,3,1,1,17/07/2018,3,15:25:00,923,S12000036,3,71,6,20,0,-1,-1,0,0,0,1,1,1,0,0,1,1
2018950000944,323510,673210,-3.226296,55.945814,95,3,2,1,16/07/2018,2,17:35:00,923,S12000036,3,8,6,20,0,-1,-1,0,0,0,1,1,1,0,0,1,1
2018950000947,327030,675220,-3.170496,55.964416,95,2,2,1,17/07/2018,3,21:40:00,923,S12000036,5,0,6,20,3,4,6,0,0,0,1,1,1,0,0,1,1
2018950000948,320488,671718,-3.274229,55.931921,95,2,2,1,19/03/2018,2,17:40:00,923,S12000036,6,0,6,30,6,2,-1,-1,0,4,1,1,1,0,0,1,2
2018950000949,326640,675250,-3.17675,55.964627,95,3,1,1,18/07/2018,4,07:35:00,923,S12000036,3,900,6,20,0,-1,-1,0,0,0,1,1,1,0,0,1,1
2018950000951,324750,673410,-3.206503,55.947806,95,3,1,1,13/07/2018,6,15:19:00,923,S12000036,3,702,6,30,9,2,6,0,0,4,1,1,1,0,0,1,2
2018950000953,325880,673860,-3.188538,55.952024,95,2,1,1,18/07/2018,4,19:50:00,923,S12000036,3,7,6,20,0,-1,-1,0,0,0,1,1,1,0,0,1,1
2018950000954,326950,674690,-3.171633,55.959644,95,3,2,1,15/07/2018,1,13:50:00,923,S12000036,5,0,6,20,3,4,6,0,0,0,1,1,1,0,0,1,1
2018950000957,323520,672510,-3.225937,55.939528,95,3,1,1,19/07/2018,5,09:10:00,923,S12000036,3,70,6,20,0,-1,-1,0,0,4,1,1,1,0,0,1,1
2018950000958,327560,671290,-3.16095,55.929194,95,3,2,1,16/07/2018,2,09:05:00,923,S12000036,4,6095,6,20,1,2,6,0,0,5,1,1,1,0,0,1,2
2018950000963,326420,671240,-3.179177,55.928572,95,3,1,1,20/07/2018,6,16:30:00,923,S12000036,6,0,6,30,0,-1,-1,0,0,0,1,1,2,0,0,1,2
2018950000966,326730,674180,-3.175017,55.955029,95,3,1,1,21/07/2018,7,00:05:00,923,S12000036,3,1,6,20,0,-1,-1,0,0,0,4,1,1,0,0,1,2
2018950000967,314550,669190,-3.368439,55.908194,95,3,2,1,20/07/2018,6,15:15:00,923,S12000036,3,71,6,50,3,4,6,0,0,0,1,1,1,0,0,2,1
2018950000968,326910,674470,-3.172214,55.957661,95,3,2,1,20/07/2018,6,15:30:00,923,S12000036,3,1,6,30,6,2,5,0,0,5,1,1,1,0,0,1,2
2018950000969,314210,675650,-3.375932,55.966157,95,3,1,1,20/07/2018,6,10:30:00,923,S12000036,6,0,6,60,0,-1,-1,0,0,0,1,1,2,0,0,2,1
2018950000970,324510,671200,-3.209726,55.927917,95,3,2,1,19/07/2018,5,15:30:00,923,S12000036,6,0,6,20,9,4,6,0,0,4,1,1,1,0,0,1,2
2018950000975,327460,675770,-3.163757,55.969422,95,3,1,1,23/07/2018,2,15:35:00,923,S12000036,5,0,6,20,3,4,6,0,0,0,1,1,1,0,0,1,1
2018950000976,326147,674566,-3.184457,55.958407,95,3,1,1,23/07/2018,2,19:25:00,923,S12000036,3,900,6,20,3,4,6,0,0,5,1,1,1,0,0,1,1
2018950000980,318570,670380,-3.304514,55.91958,95,3,4,3,18/07/2018,4,16:00:00,923,S12000036,3,720,3,50,0,-1,-1,0,0,0,1,1,1,0,0,1,1
2018950000981,326110,673530,-3.184765,55.949095,95,3,2,1,20/07/2018,6,12:40:00,923,S12000036,5,0,6,30,3,4,6,0,0,5,1,1,1,0,0,1,2
2018950000983,326830,674114,-3.173398,55.954451,95,3,2,1,23/07/2018,2,17:30:00,923,S12000036,6,0,6,20,9,2,-1,-1,0,0,1,1,1,0,0,1,2
2018950000985,326880,673770,-3.172504,55.951369,95,3,2,1,26/07/2018,5,17:00:00,923,S12000036,6,0,6,20,0,-1,-1,0,0,1,1,1,1,0,0,1,1
2018950000988,328280,669560,-3.148969,55.913762,95,3,1,1,27/07/2018,6,00:30:00,923,S12000036,6,0,6,20,0,-1,-1,0,0,0,4,1,1,0,0,1,1
2018950000992,325120,672740,-3.200394,55.941846,95,3,1,1,27/07/2018,6,13:40:00,923,S12000036,3,700,6,20,0,-1,-1,0,0,0,1,1,1,0,0,1,1
2018950000994,322330,671900,-3.244807,55.933857,95,3,1,1,28/07/2018,7,00:10:00,923,S12000036,3,71,6,30,0,-1,-1,0,0,0,4,1,1,0,0,1,1
2018950000996,326690,674480,-3.175739,55.957718,95,3,2,2,29/07/2018,1,14:00:00,923,S12000036,3,1,6,30,3,4,6,0,0,8,1,2,2,0,0,1,1
2018950000999,322220,671800,-3.246538,55.932941,95,3,1,1,24/07/2018,3,18:00:00,923,S12000036,3,71,6,30,0,-1,-1,0,0,0,1,1,1,4,0,1,1
2018950001001,321180,675020,-3.264122,55.961694,95,3,2,2,30/07/2018,2,11:00:00,923,S12000036,3,90,6,40,3,4,6,0,0,5,1,1,1,0,0,1,2
2018950001003,326350,672170,-3.180551,55.936916,95,3,2,1,28/07/2018,7,19:44:00,923,S12000036,6,0,6,20,6,2,5,0,0,5,1,1,2,0,0,1,2
2018950001004,311600,674410,-3.417322,55.954546,95,3,2,2,30/07/2018,2,13:30:00,923,S12000036,1,9,3,70,5,4,1,90,0,0,1,1,2,0,0,2,1
2018950001005,324700,674020,-3.207474,55.953278,95,2,2,1,31/07/2018,3,08:30:00,923,S12000036,6,0,6,30,6,4,5,0,0,0,1,1,1,0,0,1,2
2018950001006,311690,671840,-3.415039,55.93148,95,3,2,1,30/07/2018,2,06:49:00,923,S12000036,6,0,6,30,3,4,6,0,0,0,1,1,1,0,0,2,1
2018950001007,326300,673160,-3.181622,55.945801,95,3,2,1,31/07/2018,3,15:00:00,923,S12000036,6,0,6,20,6,4,6,0,0,8,1,4,1,5,0,1,1
2018950001009,326510,672230,-3.178007,55.937479,95,3,2,4,31/07/2018,3,16:45:00,923,S12000036,3,7,6,20,6,2,6,0,2,5,1,1,1,0,0,1,1
2018950001011,314722,672461,-3.366723,55.937605,95,3,1,1,22/06/2018,6,01:25:00,923,S12000036,6,0,6,40,0,-1,-1,0,0,0,1,1,1,0,0,2,1
2018950001014,326860,675730,-3.173357,55.968972,95,3,2,1,01/08/2018,4,17:50:00,923,S12000036,3,900,6,20,3,4,6,0,0,5,1,2,2,0,0,1,1
2018950001016,329030,670170,-3.137134,55.919353,95,3,2,1,01/08/2018,4,18:25:00,923,S12000036,3,7,6,40,3,2,6,0,0,5,1,2,2,0,0,1,1
2018950001017,326840,667012,-3.17131,55.890657,95,2,2,1,27/06/2018,4,08:15:00,923,S12000036,3,720,3,70,5,4,3,720,0,0,1,1,1,0,0,2,1
2018950001018,325030,673020,-3.201912,55.944347,95,3,2,1,02/08/2018,5,17:10:00,923,S12000036,5,0,6,20,9,4,6,0,0,0,1,1,2,0,0,1,1
2018950001021,325680,673830,-3.191732,55.951724,95,3,1,1,02/08/2018,5,16:44:00,923,S12000036,6,0,6,20,3,2,6,0,2,5,1,1,1,0,0,1,1
2018950001022,327030,675220,-3.170496,55.964416,95,3,2,1,03/08/2018,6,08:55:00,923,S12000036,5,0,6,20,6,4,6,0,0,0,1,1,1,0,0,1,1
2018950001025,317930,670200,-3.314697,55.917855,95,3,2,2,03/08/2018,6,07:30:00,923,S12000036,3,71,6,40,1,4,6,0,0,0,1,1,1,0,0,1,2
2018950001027,326303,673745,-3.181734,55.951056,95,3,2,1,03/08/2018,6,09:40:00,923,S12000036,5,0,6,20,0,-1,-1,0,0,1,1,1,1,0,0,1,1
2018950001028,324210,672730,-3.214956,55.941614,95,3,2,1,02/08/2018,5,13:30:00,923,S12000036,5,0,6,20,3,2,6,0,0,0,1,9,1,0,0,1,2
2018950001033,323772,673222,-3.222106,55.945964,95,3,2,1,02/08/2018,5,11:40:00,923,S12000036,3,8,6,30,0,-1,-1,0,0,1,1,1,1,0,0,1,2
2018950001035,325947,673489,-3.187363,55.948702,95,3,1,1,05/05/2018,7,15:40:00,923,S12000036,6,0,6,20,0,-1,-1,0,0,0,1,1,1,0,0,1,1
2018950001037,325260,674180,-3.198553,55.954803,95,3,1,1,05/08/2018,1,00:30:00,923,S12000036,5,0,6,20,0,-1,-1,0,0,5,4,1,1,0,0,1,1
2018950001038,325490,673650,-3.194724,55.950078,95,3,2,1,06/08/2018,2,09:55:00,923,S12000036,5,0,6,20,6,2,6,0,0,5,1,1,1,0,0,1,2
2018950001039,324110,673630,-3.21681,55.949682,95,3,2,1,06/08/2018,2,09:00:00,923,S12000036,6,0,6,20,6,4,6,0,0,0,1,1,1,0,0,1,1
2018950001040,326870,675720,-3.173194,55.968883,95,2,1,2,05/08/2018,1,00:30:00,923,S12000036,3,900,6,20,9,4,6,0,0,4,4,1,1,4,0,1,1
2018950001043,326320,672630,-3.181157,55.941043,95,3,2,1,06/08/2018,2,20:53:00,923,S12000036,3,7,6,30,3,4,6,0,0,5,1,1,1,0,0,1,1
2018950001045,326000,673410,-3.186493,55.948001,95,2,2,1,26/07/2018,5,16:50:00,923,S12000036,3,7,6,20,6,2,6,0,0,5,1,1,1,0,0,1,1
2018950001046,325950,674370,-3.187558,55.956616,95,3,1,1,07/08/2018,3,10:30:00,923,S12000036,4,901,6,20,1,2,5,0,0,0,1,1,1,0,0,1,1
2018950001050,325090,673220,-3.201008,55.946153,95,3,2,1,07/08/2018,3,18:50:00,923,S12000036,5,0,6,20,6,2,6,0,0,5,1,1,1,0,0,1,1
2018950001051,326200,673540,-3.183327,55.949199,95,2,1,1,07/08/2018,3,22:40:00,923,S12000036,5,0,6,20,6,2,6,0,0,5,4,1,1,0,0,1,1
2018950001053,327420,666950,-3.162022,55.890188,95,2,2,4,19/07/2018,5,22:00:00,923,S12000036,3,701,1,40,1,4,3,720,0,0,5,1,1,0,0,2,1
2018950001056,325990,673450,-3.186664,55.948358,95,3,2,1,08/08/2018,4,02:35:00,923,S12000036,3,7,6,20,0,-1,-1,0,0,0,4,1,1,0,0,1,2
2018950001057,325610,673570,-3.192781,55.949378,95,3,1,1,03/08/2018,6,23:05:00,923,S12000036,5,0,6,20,6,1,6,0,2,4,4,1,1,0,0,1,1
2018950001059,326440,673790,-3.179553,55.951481,95,3,1,1,07/08/2018,3,18:25:00,923,S12000036,5,0,6,20,0,-1,-1,0,0,0,1,1,1,0,0,1,1
2018950001060,322890,675660,-3.236923,55.967721,95,3,2,2,08/08/2018,4,18:45:00,923,S12000036,3,902,6,30,8,4,6,0,0,4,1,1,1,0,0,1,1
2018950001064,329290,667250,-3.13221,55.893161,95,3,2,1,02/08/2018,5,17:23:00,923,S12000036,3,720,3,70,0,-1,-1,0,0,0,1,7,1,0,0,2,1
2018950001066,327310,671110,-3.164901,55.92754,95,3,2,1,09/08/2018,5,10:42:00,923,S12000036,6,0,6,20,3,4,6,0,0,0,1,1,1,0,0,1,2
2018950001068,325670,673720,-3.191861,55.950734,95,3,2,1,09/08/2018,5,12:30:00,923,S12000036,6,0,6,20,0,-1,-1,0,0,0,1,1,1,0,0,1,2
2018950001069,327140,670410,-3.167432,55.921226,95,3,2,1,09/08/2018,5,17:00:00,923,S12000036,3,701,6,30,3,4,6,0,0,0,1,1,1,0,0,1,1
2018950001070,323260,676910,-3.231353,55.979008,95,3,2,1,09/08/2018,5,18:30:00,923,S12000036,5,0,6,30,0,-1,-1,0,0,0,1,1,1,0,0,1,1
2018950001071,327630,674310,-3.160642,55.956333,95,3,2,1,09/08/2018,5,15:20:00,923,S12000036,3,1,6,30,3,4,6,0,0,0,1,1,1,0,0,1,1
2018950001074,326600,671480,-3.176362,55.930756,95,2,1,1,08/08/2018,4,12:45:00,923,S12000036,5,0,6,20,3,4,6,0,0,0,1,1,1,0,0,1,1
2018950001075,323360,676530,-3.229643,55.975611,95,3,1,1,09/08/2018,5,18:17:00,923,S12000036,6,0,6,20,0,-1,-1,0,0,0,1,1,1,0,0,1,2
2018950001076,329580,668990,-3.128028,55.908834,95,3,2,1,09/08/2018,5,18:10:00,923,S12000036,4,701,6,30,3,4,6,0,0,0,1,1,1,0,0,1,2
2018950001080,325020,674120,-3.202379,55.954226,95,3,1,2,10/08/2018,6,13:15:00,923,S12000036,5,0,6,20,0,-1,-1,0,0,0,1,1,1,0,0,1,2
2018950001082,323340,674890,-3.229496,55.960877,95,3,2,1,10/08/2018,6,17:05:00,923,S12000036,5,0,6,30,6,2,6,0,0,4,1,1,1,0,0,1,1
2018950001091,312830,672250,-3.396931,55.93537,95,3,2,1,06/08/2018,2,12:15:00,923,S12000036,6,0,6,40,9,4,6,0,0,0,1,1,1,0,0,2,1
2018950001093,331250,672500,-3.102216,55.940607,95,3,2,1,08/08/2018,4,11:20:00,923,S12000036,3,1,6,40,1,4,6,0,0,0,1,1,1,0,0,1,1
2018950001101,312900,678290,-3.397767,55.989634,95,3,1,1,10/08/2018,6,13:25:00,923,S12000036,6,0,6,20,9,4,6,0,0,0,1,1,1,0,0,1,1
2018950001108,318040,670920,-3.313156,55.924341,95,3,2,1,13/08/2018,2,17:40:00,923,S12000036,1,8,3,70,1,2,3,720,0,0,1,1,2,0,0,2,1
2018950001109,322820,675420,-3.237975,55.965554,95,3,2,1,15/08/2018,4,08:40:00,923,S12000036,3,902,3,30,0,-1,-1,0,0,0,1,1,1,0,0,1,1
2018950001112,328770,675700,-3.142756,55.96899,95,3,2,1,14/08/2018,3,12:50:00,923,S12000036,3,199,6,30,3,4,6,0,0,5,1,2,2,0,0,1,2
2018950001113,325600,673380,-3.192888,55.947669,95,2,1,1,16/08/2018,5,13:20:00,923,S12000036,6,0,6,20,0,-1,-1,0,0,0,1,1,1,0,0,1,1
2018950001115,325160,673910,-3.200079,55.952362,95,3,1,1,17/08/2018,6,12:35:00,923,S12000036,5,0,6,20,6,2,6,0,0,5,1,1,1,0,0,1,1
2018950001116,324120,673610,-3.216644,55.949504,95,3,3,1,17/08/2018,6,15:05:00,923,S12000036,6,0,6,20,3,2,6,0,0,5,1,1,1,0,0,1,2
2018950001117,326270,673390,-3.182166,55.947862,95,3,1,1,17/08/2018,6,23:00:00,923,S12000036,6,0,6,20,0,-1,-1,0,0,8,5,1,1,0,0,1,1
2018950001118,327225,674404,-3.167152,55.957116,95,3,1,1,17/08/2018,6,16:25:00,923,S12000036,6,0,6,20,3,4,6,0,0,0,1,1,1,0,0,1,2
2018950001120,323780,676570,-3.222926,55.976037,95,3,4,1,18/08/2018,7,15:57:00,923,S12000036,6,0,6,20,3,4,6,0,0,0,1,1,1,0,0,1,1
2018950001122,327560,673910,-3.161655,55.952729,95,2,2,1,11/08/2018,7,06:24:00,923,S12000036,6,0,6,20,0,-1,-1,0,0,0,1,1,1,0,0,1,1
2018950001123,322480,674960,-3.243287,55.961368,95,3,2,1,18/08/2018,7,13:38:00,923,S12000036,3,902,6,30,3,4,6,0,0,4,1,1,1,0,0,1,1
2018950001125,324640,674530,-3.208577,55.957849,95,3,2,1,11/08/2018,7,09:30:00,923,S12000036,5,0,6,30,6,2,6,0,0,5,1,1,1,0,0,1,1
2018950001127,327190,671010,-3.166794,55.926623,95,3,2,1,19/08/2018,1,21:45:00,923,S12000036,3,7,6,30,6,2,6,0,0,5,4,2,2,0,0,1,2
2018950001130,320110,673040,-3.280669,55.943732,95,3,1,1,20/08/2018,2,09:40:00,923,S12000036,6,0,6,20,9,4,6,0,0,0,1,1,1,0,0,1,1
2018950001133,322287,674915,-3.246365,55.960932,95,3,2,1,21/08/2018,3,07:40:00,923,S12000036,3,902,6,30,8,4,6,0,0,5,1,1,1,0,0,1,1
2018950001135,324310,670270,-3.212664,55.919531,95,3,2,1,19/08/2018,1,11:35:00,923,S12000036,6,0,6,20,0,-1,-1,0,0,0,1,2,2,0,0,1,1
2018950001136,329340,671610,-3.132553,55.932334,95,3,2,1,18/08/2018,7,18:00:00,923,S12000036,6,0,3,20,0,-1,-1,0,0,0,1,1,1,0,0,1,1
2018950001137,325980,673480,-3.186833,55.948626,95,3,1,1,20/08/2018,2,17:30:00,923,S12000036,3,7,6,20,9,2,6,0,0,5,1,1,1,0,0,1,1
2018950001144,319756,670011,-3.285433,55.916466,95,3,1,1,16/08/2018,5,14:45:00,923,S12000036,6,0,6,30,2,4,6,0,0,1,1,1,1,0,0,1,2
2018950001146,322920,673210,-3.23574,55.94572,95,3,1,1,24/08/2018,6,14:00:00,923,S12000036,6,0,6,20,3,4,3,8,0,0,1,1,1,0,0,1,1
2018950001147,322160,672130,-3.247594,55.935896,95,3,1,1,23/08/2018,5,17:10:00,923,S12000036,5,0,6,30,0,-1,-1,0,0,0,1,1,1,0,0,1,1
2018950001148,318650,672800,-3.303965,55.941331,95,3,2,1,12/08/2018,1,10:25:00,923,S12000036,3,8,6,40,9,4,-1,-1,0,0,1,2,2,0,0,1,1
2018950001150,323342,674887,-3.229463,55.960851,95,2,2,1,24/07/2018,3,12:45:00,923,S12000036,5,0,6,20,6,2,6,0,0,5,1,1,1,0,0,1,1
2018950001152,327090,671940,-3.168646,55.934962,95,3,2,1,24/08/2018,6,09:44:00,923,S12000036,6,0,6,20,6,2,6,0,0,0,1,1,1,0,0,1,3
2018950001154,324300,670240,-3.212816,55.91926,95,2,2,1,25/08/2018,7,18:00:00,923,S12000036,6,0,6,30,6,2,6,0,0,5,1,1,1,0,0,1,1
2018950001156,325240,673820,-3.198773,55.951566,95,3,1,1,25/08/2018,7,14:20:00,923,S12000036,3,8,6,20,0,-1,-1,0,0,4,1,1,1,0,0,1,2
2018950001158,324409,673206,-3.211905,55.945921,95,3,1,1,17/05/2018,5,16:30:00,923,S12000036,6,0,6,30,3,2,4,700,0,5,1,1,1,0,0,1,1
2018950001159,328700,671620,-3.142796,55.932329,95,3,4,3,27/08/2018,2,19:50:00,923,S12000036,6,0,6,30,0,-1,-1,0,0,0,1,1,1,0,0,1,1
2018950001165,325950,673490,-3.187316,55.948711,95,3,2,1,28/08/2018,3,10:00:00,923,S12000036,5,0,6,20,3,4,6,0,0,0,1,1,1,0,0,1,2
2018950001166,324750,673530,-3.206537,55.948884,95,3,2,1,28/08/2018,3,14:30:00,923,S12000036,3,702,6,30,9,2,6,0,0,4,1,1,1,0,0,1,2
2018950001168,326660,675310,-3.176446,55.965169,95,3,2,1,29/08/2018,4,11:40:00,923,S12000036,3,900,6,20,3,4,6,0,0,1,1,1,1,0,0,1,1
2018950001172,327660,669410,-3.158845,55.912322,95,3,2,1,24/08/2018,6,08:15:00,923,S12000036,5,0,6,30,8,4,6,0,0,0,1,1,1,0,0,1,1
2018950001173,326080,673200,-3.185155,55.946126,95,3,1,1,29/08/2018,4,07:15:00,923,S12000036,3,7,6,20,3,4,6,0,0,0,1,1,1,0,0,1,1
2018950001174,326000,673400,-3.186491,55.947911,95,3,2,2,30/08/2018,5,04:40:00,923,S12000036,3,7,6,20,3,2,6,0,0,5,4,1,1,0,0,1,1
2018950001181,326270,676840,-3.183111,55.978852,95,3,2,1,23/08/2018,5,17:45:00,923,S12000036,3,901,6,30,3,4,6,0,0,0,1,1,1,0,0,1,2
2018950001182,327740,667000,-3.15692,55.890685,95,3,2,2,31/08/2018,6,16:55:00,923,S12000036,6,0,6,60,0,-1,-1,0,0,0,1,1,1,0,0,2,1
2018950001188,319380,670680,-3.291647,55.922412,95,3,1,1,03/09/2018,2,03:30:00,923,S12000036,3,71,1,40,1,2,6,0,0,0,4,8,2,0,0,1,1
2018950001189,322441,675690,-3.244122,55.967918,95,2,2,1,03/09/2018,2,08:25:00,923,S12000036,6,0,6,30,3,4,6,0,0,0,1,2,2,0,0,1,1
2018950001190,314960,673180,-3.363141,55.944105,95,3,2,1,22/08/2018,4,12:55:00,923,S12000036,6,0,6,40,0,-1,-1,0,0,0,1,1,1,0,0,2,1
2018950001192,324750,673430,-3.206509,55.947986,95,3,2,1,03/09/2018,2,22:00:00,923,S12000036,6,0,3,30,3,2,3,702,0,8,4,1,2,0,0,1,2
2018950001196,326830,675640,-3.173813,55.968159,95,3,2,1,31/08/2018,6,12:45:00,923,S12000036,3,900,6,20,0,-1,-1,0,0,1,1,1,1,0,0,1,1
2018950001200,313471,668571,-3.385494,55.902441,95,3,2,1,04/09/2018,3,16:40:00,923,S12000036,3,71,6,50,0,-1,-1,0,0,0,1,1,1,0,0,2,1
2018950001201,326550,673660,-3.177757,55.950331,95,3,2,1,04/09/2018,3,18:00:00,923,S12000036,5,0,6,20,3,4,6,0,0,0,1,1,1,0,0,1,1
2018950001202,324020,675920,-3.218897,55.970237,95,3,3,1,03/09/2018,2,07:40:00,923,S12000036,6,0,6,30,0,-1,-1,0,0,0,1,2,2,0,0,1,1
2018950001203,314940,677160,-3.364719,55.97985,95,2,2,1,05/09/2018,4,07:25:00,923,S12000036,3,90,6,50,0,-1,-1,0,0,0,1,1,1,0,0,2,1
2018950001207,325510,673400,-3.194334,55.947835,95,3,2,1,05/09/2018,4,16:45:00,923,S12000036,5,0,6,20,3,4,6,0,0,0,1,1,1,0,0,1,1
2018950001208,322060,673300,-3.249532,55.946389,95,3,2,1,03/09/2018,2,18:10:00,923,S12000036,6,0,6,20,3,4,6,0,0,0,1,1,1,0,0,1,2
2018950001209,328040,668750,-3.152591,55.90645,95,3,1,1,27/08/2018,2,08:45:00,923,S12000036,6,0,6,20,0,-1,-1,0,0,0,1,1,1,0,0,1,1
2018950001210,317640,670610,-3.31946,55.921488,95,3,2,1,06/09/2018,5,17:05:00,923,S12000036,1,8,3,70,0,-1,-1,0,0,0,1,1,1,0,0,2,1
2018950001214,319360,671240,-3.292135,55.927439,95,2,2,1,06/09/2018,5,09:02:00,923,S12000036,6,0,6,30,8,4,6,0,0,0,1,1,1,0,0,1,1
2018950001215,329620,674760,-3.128896,55.960672,95,3,2,1,07/09/2018,6,07:15:00,923,S12000036,6,0,6,30,0,-1,-1,0,0,0,1,1,2,0,0,1,1
2018950001216,326510,672210,-3.178002,55.937299,95,3,2,1,07/09/2018,6,09:40:00,923,S12000036,6,0,6,20,6,2,6,0,0,0,1,1,1,0,0,1,1
2018950001217,317451,672671,-3.323115,55.939968,95,3,2,1,07/09/2018,6,11:30:00,923,S12000036,6,0,1,40,1,2,6,0,0,0,1,1,1,0,0,1,1
2018950001221,325170,671850,-3.199346,55.933859,95,3,1,1,07/09/2018,6,16:53:00,923,S12000036,5,0,6,20,0,-1,-1,0,0,0,1,1,1,0,0,1,1
2018950001224,327330,674390,-3.165467,55.957006,95,3,2,2,08/09/2018,7,19:15:00,923,S12000036,6,0,6,30,0,-1,-1,0,0,0,1,1,1,0,0,1,1
2018950001227,327330,674390,-3.165467,55.957006,95,3,2,1,07/09/2018,6,18:10:00,923,S12000036,3,71,1,40,1,4,6,0,0,0,1,1,1,0,0,1,1
2018950001232,324530,672890,-3.209879,55.943101,95,3,2,1,05/09/2018,4,08:50:00,923,S12000036,5,0,6,20,9,4,6,0,0,0,1,9,1,0,0,1,1
2018950001238,327410,666980,-3.16219,55.890456,95,3,2,2,11/09/2018,3,15:15:00,923,S12000036,3,720,7,40,1,4,3,701,0,0,1,4,1,0,0,2,1
2018950001240,326680,675380,-3.176144,55.9658,95,2,1,1,11/09/2018,3,16:00:00,923,S12000036,3,900,6,20,3,4,6,0,0,0,1,5,2,0,0,1,1
2018950001241,325720,673240,-3.190929,55.94643,95,3,1,1,10/09/2018,2,17:15:00,923,S12000036,5,0,2,20,3,2,6,0,2,5,1,2,2,0,0,1,1
2018950001243,331210,672850,-3.102946,55.943745,95,3,2,1,03/09/2018,2,08:00:00,923,S12000036,3,1,3,40,6,2,3,1,0,0,1,2,2,0,0,1,2
2018950001246,329850,671580,-3.124384,55.93214,95,3,1,1,11/09/2018,3,17:10:00,923,S12000036,6,0,3,20,3,4,6,0,0,0,1,1,1,0,0,1,1
2018950001249,323714,672088,-3.222713,55.935768,95,3,2,1,14/06/2018,5,08:00:00,923,S12000036,5,0,6,30,7,2,6,0,0,5,1,9,1,0,0,1,1
2018950001255,326990,672780,-3.170474,55.942493,95,3,1,1,14/09/2018,6,20:00:00,923,S12000036,6,0,1,20,1,4,6,0,0,0,6,1,2,0,0,1,1
2018950001256,323671,674091,-3.223969,55.953753,95,3,3,1,11/09/2018,3,12:30:00,923,S12000036,6,0,6,20,0,-1,-1,0,0,0,1,1,1,0,0,1,1
2018950001257,329620,667450,-3.126987,55.895006,95,3,2,1,14/09/2018,6,13:40:00,923,S12000036,3,720,3,70,0,-1,-1,0,0,0,1,2,2,0,0,2,1
2018950001259,319380,672950,-3.292326,55.942802,95,3,1,1,14/09/2018,6,15:40:00,923,S12000036,3,8,6,30,0,-1,-1,0,0,0,1,2,2,0,0,1,1
2018950001260,327180,671840,-3.167179,55.934078,95,3,2,1,15/09/2018,7,10:45:00,923,S12000036,6,0,6,20,3,4,6,0,0,0,1,1,1,0,0,1,2
2018950001261,327220,676480,-3.167794,55.975763,95,3,2,3,15/09/2018,7,16:00:00,923,S12000036,3,199,6,20,9,4,6,0,0,5,1,1,1,0,0,1,1
2018950001264,327310,674400,-3.16579,55.957093,95,3,1,1,14/09/2018,6,14:50:00,923,S12000036,6,0,6,20,0,-1,-1,0,0,0,1,1,1,0,0,1,2
2018950001267,314640,671680,-3.367788,55.930575,95,3,2,1,16/09/2018,1,15:15:00,923,S12000036,1,9,3,70,0,-1,-1,0,0,0,1,1,1,0,0,2,1
2018950001268,311940,677760,-3.412976,55.984699,95,3,1,1,16/09/2018,1,22:10:00,923,S12000036,6,0,6,30,0,-1,-1,0,0,0,1,1,1,0,0,1,1
2018950001269,320340,673520,-3.277129,55.948082,95,3,2,1,16/09/2018,1,12:50:00,923,S12000036,6,0,6,20,0,-1,-1,0,0,0,1,1,1,0,0,1,1
2018950001270,320360,671960,-3.276348,55.934073,95,2,1,1,17/09/2018,2,14:50:00,923,S12000036,5,0,6,20,0,-1,-1,0,0,0,1,1,1,0,0,1,1
2018950001273,322513,675581,-3.242938,55.966951,95,3,2,1,13/08/2018,2,18:00:00,923,S12000036,6,0,6,30,6,4,6,0,0,0,1,1,1,0,0,1,1
2018950001274,323400,671330,-3.227522,55.928909,95,3,1,1,18/09/2018,3,18:50:00,923,S12000036,6,0,1,30,7,2,6,0,0,0,4,1,2,5,0,1,1
2018950001276,316681,672441,-3.335367,55.937769,95,3,2,1,19/09/2018,4,08:05:00,923,S12000036,3,8,6,30,0,-1,-1,0,0,0,1,2,2,0,0,2,1
2018950001280,331130,671660,-3.103922,55.933044,95,3,2,1,17/09/2018,2,17:30:00,923,S12000036,3,6095,6,30,0,-1,-1,0,0,0,1,9,1,0,0,1,2
2018950001281,315100,673080,-3.360869,55.943232,95,3,2,1,20/09/2018,5,15:50:00,923,S12000036,6,0,6,40,0,-1,-1,0,0,0,1,1,1,0,0,2,1
2018950001282,322190,675620,-3.248122,55.967249,95,3,3,2,19/09/2018,4,16:30:00,923,S12000036,6,0,6,30,3,4,5,0,0,5,1,1,2,0,0,1,1
2018950001283,322860,676750,-3.237716,55.977507,95,3,2,1,20/09/2018,5,15:10:00,923,S12000036,5,0,6,30,0,-1,-1,0,0,0,1,1,1,0,0,1,1
2018950001285,330750,672090,-3.110113,55.936852,95,3,2,1,21/09/2018,6,14:15:00,923,S12000036,6,0,6,20,3,4,6,0,0,0,1,1,1,0,0,1,1
2018950001288,325050,674130,-3.201901,55.954321,95,3,3,1,21/09/2018,6,23:35:00,923,S12000036,5,0,6,20,6,2,5,0,0,5,4,1,1,0,0,1,1
2018950001289,311270,671120,-3.421522,55.924935,95,2,2,1,22/09/2018,7,12:10:00,923,S12000036,1,8,3,70,5,4,1,8,0,0,1,1,1,0,0,2,1
2018950001294,328539,675811,-3.146486,55.969952,95,3,3,2,07/08/2018,3,22:55:00,923,S12000036,3,199,6,30,0,-1,-1,0,0,0,4,1,1,0,0,1,1
2018950001296,325360,673950,-3.196888,55.952752,95,3,1,1,19/09/2018,4,14:00:00,923,S12000036,5,0,6,20,3,4,5,0,2,5,1,1,1,0,0,1,1
2018950001298,325610,674830,-3.193129,55.960695,95,2,2,1,25/09/2018,3,07:45:00,923,S12000036,6,0,6,20,8,4,6,0,0,0,1,1,1,0,0,1,1
2018950001300,324780,667670,-3.204421,55.89625,95,3,2,1,12/09/2018,4,08:40:00,923,S12000036,3,720,3,70,0,-1,-1,0,0,0,6,1,1,0,0,1,1
2018950001302,326060,674420,-3.18581,55.957082,95,3,2,1,25/09/2018,3,21:30:00,923,S12000036,3,900,6,20,3,3,3,900,0,0,4,1,1,0,0,1,1
2018950001303,322230,675520,-3.247453,55.966357,95,2,1,1,26/09/2018,4,08:49:00,923,S12000036,6,0,6,20,3,4,6,0,0,0,1,1,1,0,0,1,1
2018950001313,319370,671520,-3.292059,55.929955,95,3,1,1,27/09/2018,5,13:10:00,923,S12000036,6,0,3,30,0,-1,-1,0,0,4,1,1,1,0,0,1,2
2018950001314,321790,670830,-3.253137,55.924158,95,3,2,1,27/09/2018,5,07:40:00,923,S12000036,6,0,6,30,6,2,6,0,0,4,1,1,1,0,0,1,1
2018950001316,319220,671950,-3.294587,55.933793,95,2,1,2,26/09/2018,4,18:00:00,923,S12000036,6,0,6,30,0,-1,-1,0,0,0,1,1,1,0,0,1,2
2018950001317,324410,667820,-3.210378,55.897539,95,3,2,1,28/09/2018,6,08:10:00,923,S12000036,3,720,3,70,0,-1,-1,0,0,0,1,1,1,0,0,2,1
2018950001322,325640,673940,-3.192403,55.952706,95,3,1,1,29/09/2018,7,05:45:00,923,S12000036,3,8,6,20,3,2,6,0,0,5,4,9,1,0,0,1,1
2018950001325,328830,669150,-3.140064,55.910161,95,3,1,1,29/09/2018,7,11:10:00,923,S12000036,3,772,6,20,0,-1,-1,0,0,0,1,9,1,0,0,1,1
2018950001327,323646,668604,-3.222814,55.904461,95,3,1,1,29/09/2018,7,14:12:00,923,S12000036,6,0,6,30,3,4,6,0,0,5,1,1,1,0,0,1,1
2018950001328,312540,672730,-3.401728,55.939629,95,3,1,1,01/10/2018,2,00:20:00,923,S12000036,6,0,1,40,1,2,6,0,0,0,4,1,1,0,0,2,1
2018950001329,322430,674940,-3.244082,55.96118,95,3,1,1,30/09/2018,1,17:20:00,923,S12000036,3,902,6,30,0,-1,-1,0,0,0,1,1,1,0,0,1,1
2018950001333,323730,673700,-3.222913,55.95025,95,3,1,1,15/09/2018,7,23:34:00,923,S12000036,6,0,6,20,8,4,6,0,0,0,4,1,1,0,0,1,1
2018950001336,325150,673970,-3.200256,55.952899,95,3,2,1,16/09/2018,1,01:50:00,923,S12000036,5,0,1,20,1,4,5,0,0,1,4,2,2,0,0,1,1
2018950001337,326550,675140,-3.178161,55.963625,95,3,1,1,28/09/2018,6,12:50:00,923,S12000036,3,900,6,20,3,2,5,0,0,5,1,1,1,0,0,1,2
2018950001340,321580,671470,-3.256683,55.929873,95,3,2,1,29/09/2018,7,16:30:00,923,S12000036,3,71,6,30,0,-1,-1,0,0,0,1,1,1,0,0,1,2
2018950001347,330430,672600,-3.115367,55.941387,95,3,2,2,03/10/2018,4,13:26:00,923,S12000036,6,0,6,20,3,4,3,6106,0,0,1,1,1,0,0,1,1
2018950001348,329070,675590,-3.137922,55.968046,95,3,2,1,01/10/2018,2,13:40:00,923,S12000036,3,199,6,30,0,-1,-1,0,0,0,1,1,1,0,0,1,1
2018950001349,326300,673180,-3.181628,55.945981,95,3,1,1,03/10/2018,4,18:00:00,923,S12000036,6,0,6,20,9,4,6,0,0,0,1,1,1,0,0,1,2
2018950001353,323690,673220,-3.223418,55.945933,95,2,2,1,04/10/2018,5,17:00:00,923,S12000036,3,8,6,20,3,4,6,0,0,0,1,1,1,0,0,1,1
2018950001356,NA,NA,NA,NA,95,3,1,1,04/10/2018,5,13:00:00,923,S12000036,6,0,6,30,0,-1,-1,0,0,0,1,1,1,0,0,3,2
2018950001357,327410,671210,-3.163328,55.928453,95,3,2,1,02/10/2018,3,20:00:00,923,S12000036,6,0,6,30,1,2,6,0,0,0,6,1,1,0,0,1,2
2018950001358,325790,677010,-3.190848,55.980305,95,3,2,2,05/10/2018,6,16:40:00,923,S12000036,3,901,6,20,3,1,3,901,0,0,1,1,1,0,0,1,2
2018950001362,318040,670920,-3.313156,55.924341,95,3,3,5,06/10/2018,7,12:55:00,923,S12000036,1,8,3,70,1,2,3,720,0,0,1,1,1,0,0,2,1
2018950001363,328550,673750,-3.145762,55.951441,95,3,2,1,04/10/2018,5,08:55:00,923,S12000036,6,0,6,20,0,-1,-1,0,0,0,1,1,1,0,0,1,2
2018950001364,328850,674200,-3.141078,55.955527,95,3,3,1,04/10/2018,5,12:04:00,923,S12000036,3,1140,6,30,3,4,6,0,0,0,1,1,1,0,0,1,1
2018950001370,327967,670045,-3.154105,55.918072,95,3,2,1,08/10/2018,2,17:10:00,923,S12000036,3,772,6,30,3,4,6,0,0,0,1,1,1,0,0,1,1
2018950001372,322740,672640,-3.238458,55.940571,95,3,2,1,04/10/2018,5,09:15:00,923,S12000036,6,0,6,30,3,4,5,0,0,0,1,9,1,0,0,1,2
2018950001374,311700,671320,-3.414708,55.926811,95,3,3,3,09/10/2018,3,09:50:00,923,S12000036,6,0,6,40,3,4,3,8,0,0,1,5,2,0,0,2,1
2018950001381,331760,668000,-3.092915,55.900255,95,3,2,1,10/10/2018,4,17:20:00,923,S12000036,3,720,1,50,1,2,3,7,0,0,1,1,1,0,0,2,2
2018950001382,322950,675710,-3.235976,55.96818,95,3,1,1,11/10/2018,5,06:52:00,923,S12000036,5,0,1,30,1,4,6,0,0,0,1,1,1,0,0,1,2
2018950001383,325530,674080,-3.194202,55.953946,95,3,1,1,11/10/2018,5,12:20:00,923,S12000036,6,0,6,20,3,2,5,0,0,5,1,1,1,0,0,1,1
2018950001386,327320,676440,-3.166181,55.975419,95,3,3,2,09/10/2018,3,17:10:00,923,S12000036,3,199,6,20,9,2,3,900,0,0,1,9,1,0,0,1,1
2018950001389,321860,669720,-3.251695,55.914199,95,3,1,1,12/10/2018,6,09:15:00,923,S12000036,6,0,6,20,0,-1,-1,0,0,0,1,4,2,0,2,1,1
2018950001390,322290,671860,-3.245435,55.933492,95,3,2,1,12/10/2018,6,14:45:00,923,S12000036,3,71,6,20,7,2,6,0,0,5,1,8,2,0,0,1,1
2018950001391,324950,672930,-3.203168,55.943526,95,3,1,1,12/10/2018,6,16:30:00,923,S12000036,3,700,6,20,7,2,6,0,0,5,1,5,2,0,0,1,1
2018950001392,325930,673680,-3.187688,55.950415,95,3,2,1,12/10/2018,6,13:00:00,923,S12000036,3,7,6,20,0,-1,-1,0,0,5,1,5,2,0,0,1,1
2018950001393,326760,673930,-3.174469,55.952788,95,3,2,1,12/10/2018,6,18:45:00,923,S12000036,6,0,6,20,1,2,5,0,0,0,1,2,2,0,0,1,2
2018950001394,328760,669480,-3.14127,55.913115,95,3,1,1,13/10/2018,7,09:20:00,923,S12000036,6,0,6,20,9,4,6,0,0,0,1,2,2,0,0,1,1
2018950001397,319340,672930,-3.29296,55.942615,95,3,1,1,12/10/2018,6,16:55:00,923,S12000036,3,8,1,20,1,4,6,0,0,0,1,1,1,0,0,1,2
2018950001400,325350,673980,-3.197056,55.95302,95,3,3,1,14/10/2018,1,12:45:00,923,S12000036,5,0,6,20,0,-1,-1,0,0,5,1,1,1,0,0,1,1
2018950001403,325580,674400,-3.19349,55.956828,95,2,2,1,15/10/2018,2,09:00:00,923,S12000036,6,0,6,20,6,4,6,0,0,0,1,1,1,0,0,1,1
2018950001405,326210,673160,-3.183063,55.945787,95,3,1,1,15/10/2018,2,14:00:00,923,S12000036,6,0,6,20,9,4,6,0,0,8,1,1,1,0,0,1,1
2018950001406,318660,670770,-3.303192,55.923099,95,3,2,1,15/10/2018,2,16:00:00,923,S12000036,6,0,6,20,0,-1,-1,0,0,0,1,1,1,0,0,1,1
2018950001407,324200,673340,-3.215288,55.947091,95,3,2,1,15/10/2018,2,16:33:00,923,S12000036,3,8,6,30,6,2,6,0,0,5,1,1,1,0,0,1,2
2018950001408,327690,668100,-3.158014,55.900559,95,1,1,1,16/10/2018,3,07:55:00,923,S12000036,6,0,6,20,8,4,6,0,0,0,1,1,1,0,0,1,1
2018950001410,320420,668660,-3.274414,55.904441,95,3,2,1,16/10/2018,3,15:50:00,923,S12000036,3,720,3,70,0,-1,-1,0,0,0,1,1,1,0,0,2,1
2018950001411,323319,672145,-3.22905,55.936217,95,3,1,1,16/10/2018,3,18:45:00,923,S12000036,6,0,6,30,6,2,6,0,0,5,4,1,1,0,0,1,1
2018950001412,327000,673710,-3.170566,55.950848,95,3,2,1,17/10/2018,4,09:00:00,923,S12000036,6,0,6,20,0,-1,-1,0,0,1,1,1,1,0,0,1,1
2018950001416,312550,675560,-3.402487,55.96505,95,2,2,2,17/10/2018,4,10:30:00,923,S12000036,4,800,6,60,0,-1,-1,0,0,0,1,1,1,0,0,2,1
2018950001421,319100,674170,-3.297174,55.953713,95,3,2,2,15/10/2018,2,12:36:00,923,S12000036,6,0,6,20,3,4,4,701,0,0,1,1,1,0,0,1,1
2018950001424,329350,671610,-3.132393,55.932336,95,3,2,1,19/10/2018,6,18:40:00,923,S12000036,3,6095,6,20,3,4,6,0,0,0,4,1,1,0,0,1,1
2018950001433,326960,675230,-3.171619,55.964496,95,3,2,1,22/10/2018,2,09:15:00,923,S12000036,6,0,6,20,6,4,6,0,0,0,1,1,1,0,0,1,2
2018950001434,325480,673640,-3.194881,55.949986,95,3,1,1,13/10/2018,7,16:00:00,923,S12000036,6,0,6,20,6,2,5,0,1,5,1,1,1,0,0,1,1
2018950001435,324640,676010,-3.208992,55.971143,95,3,2,1,22/10/2018,2,13:30:00,923,S12000036,4,901,6,20,3,2,6,0,0,5,1,1,1,0,0,1,1
2018950001437,314870,672450,-3.364351,55.937532,95,3,2,1,23/10/2018,3,09:05:00,923,S12000036,3,8,3,70,0,-1,-1,0,0,0,1,1,1,0,0,2,1
2018950001438,327970,668320,-3.153595,55.902577,95,3,2,1,22/10/2018,2,07:30:00,923,S12000036,4,701,6,30,3,4,6,0,0,0,1,1,1,0,0,1,1
2018950001442,324360,672820,-3.212581,55.942446,95,2,1,1,24/10/2018,4,12:27:00,923,S12000036,5,0,6,20,3,4,6,0,0,0,1,1,1,0,0,1,1
2018950001445,325580,674400,-3.19349,55.956828,95,3,2,1,24/10/2018,4,13:10:00,923,S12000036,6,0,6,20,6,4,6,0,0,0,1,1,1,0,0,1,1
2018950001446,329130,674270,-3.136614,55.956198,95,3,2,1,02/10/2018,3,16:00:00,923,S12000036,3,1140,6,30,3,4,6,0,0,0,1,1,1,0,0,1,1
2018950001447,326740,671040,-3.174002,55.926824,95,3,1,1,22/10/2018,2,13:00:00,923,S12000036,5,0,6,20,3,4,6,0,0,0,1,1,1,0,0,1,1
2018950001448,321820,676590,-3.25433,55.975901,95,3,2,1,25/10/2018,5,11:05:00,923,S12000036,6,0,6,30,0,-1,-1,0,0,0,1,1,1,0,0,1,1
2018950001449,319462,674957,-3.291614,55.960843,95,3,3,1,14/10/2018,1,16:45:00,923,S12000036,3,90,6,40,0,-1,-1,0,0,0,1,1,1,4,0,1,1
2018950001450,322660,672590,-3.239724,55.940109,95,3,2,1,25/10/2018,5,23:20:00,923,S12000036,6,0,6,30,0,-1,-1,0,0,0,4,4,2,0,0,1,1
2018950001454,324780,673780,-3.206126,55.951135,95,2,1,1,28/10/2018,1,03:15:00,923,S12000036,3,900,6,20,0,-1,-1,0,0,0,4,1,1,0,0,1,1
2018950001457,323450,672240,-3.226981,55.937092,95,3,1,1,24/10/2018,4,08:20:00,923,S12000036,6,0,6,30,0,-1,-1,0,0,0,1,1,1,0,0,1,2
2018950001458,319160,674910,-3.296436,55.96037,95,2,2,1,27/10/2018,7,17:30:00,923,S12000036,3,90,6,40,3,4,6,0,0,0,4,1,1,0,0,1,1
2018950001460,324070,672640,-3.217172,55.940783,95,3,1,1,29/10/2018,2,13:20:00,923,S12000036,5,0,6,30,0,-1,-1,0,0,4,1,1,1,0,0,1,1
2018950001461,323500,672480,-3.226249,55.939255,95,3,2,5,29/10/2018,2,17:13:00,923,S12000036,3,70,6,30,6,2,5,0,0,4,1,1,1,0,0,1,1
2018950001462,326150,673700,-3.184172,55.950629,95,2,1,1,29/10/2018,2,19:00:00,923,S12000036,6,0,6,20,6,4,5,0,0,5,1,1,1,0,0,1,1
2018950001468,331240,672550,-3.102389,55.941054,95,2,2,1,30/10/2018,3,07:30:00,923,S12000036,3,1,3,40,0,-1,-1,0,0,8,1,1,2,0,0,1,1
2018950001469,326950,671440,-3.170751,55.930449,95,2,1,1,25/10/2018,5,14:00:00,923,S12000036,3,7,6,30,3,4,6,0,0,0,1,9,1,0,0,1,2
2018950001470,322441,675658,-3.244113,55.967631,95,3,1,1,30/10/2018,3,06:15:00,923,S12000036,6,0,6,20,0,-1,-1,0,0,5,1,1,2,0,0,1,1
2018950001478,325120,673800,-3.200689,55.951367,95,3,1,1,01/11/2018,5,00:30:00,923,S12000036,3,8,3,20,0,-1,-1,0,0,0,4,2,2,0,0,1,1
2018950001481,327250,671060,-3.165848,55.927082,95,3,2,2,01/11/2018,5,15:15:00,923,S12000036,6,0,6,30,0,-1,-1,0,0,5,1,1,1,0,0,1,1
2018950001482,325970,674130,-3.187171,55.954463,95,3,1,1,01/11/2018,5,17:10:00,923,S12000036,3,900,6,20,3,2,6,0,0,4,4,1,1,0,0,1,1
2018950001483,323230,673190,-3.230773,55.94559,95,3,2,1,01/11/2018,5,18:10:00,923,S12000036,3,8,6,20,0,-1,-1,0,0,0,4,1,1,0,0,1,2
2018950001484,325710,673290,-3.191102,55.946878,95,3,2,1,30/10/2018,3,20:05:00,923,S12000036,5,0,6,30,0,-1,-1,0,0,0,4,8,2,0,0,1,1
2018950001486,326130,674520,-3.184717,55.957991,95,3,2,1,01/11/2018,5,10:50:00,923,S12000036,6,0,1,20,1,4,3,1,0,0,1,1,1,0,0,1,2
2018950001487,327030,676570,-3.170862,55.976543,95,2,1,1,02/11/2018,6,19:10:00,923,S12000036,3,199,6,20,0,-1,-1,0,0,0,4,1,1,0,0,1,1
2018950001490,323620,671020,-3.223914,55.926159,95,3,2,1,02/11/2018,6,09:05:00,923,S12000036,6,0,6,20,3,2,6,0,0,5,1,1,2,0,0,1,1
2018950001491,326880,675990,-3.173107,55.97131,95,1,1,1,02/11/2018,6,13:18:00,923,S12000036,3,901,6,20,0,-1,-1,0,0,8,1,1,1,0,0,1,1
2018950001493,323040,674200,-3.234103,55.954631,95,3,2,1,31/10/2018,4,09:00:00,923,S12000036,3,90,6,20,7,4,-1,-1,2,0,1,1,1,0,0,1,2
2018950001498,322510,674970,-3.24281,55.961462,95,3,2,1,02/11/2018,6,15:30:00,923,S12000036,3,902,6,30,8,4,6,0,0,0,1,1,1,0,0,1,2
2018950001500,330870,672900,-3.108401,55.944145,95,3,1,1,31/10/2018,4,16:17:00,923,S12000036,3,1,6,30,9,4,6,0,0,0,1,9,1,0,0,1,2
2018950001501,321510,674840,-3.258785,55.960132,95,2,2,1,04/11/2018,1,15:15:00,923,S12000036,6,0,6,20,3,4,6,0,0,0,1,1,1,0,0,1,1
2018950001506,318588,670395,-3.304231,55.919718,95,3,2,2,02/11/2018,6,09:59:00,923,S12000036,3,720,3,50,5,4,3,71,0,0,1,1,2,0,0,1,1
2018950001507,326380,674900,-3.180818,55.961443,95,2,2,1,06/11/2018,3,10:05:00,923,S12000036,3,900,6,20,9,4,6,0,0,5,1,1,1,0,0,1,1
2018950001511,326090,673160,-3.184984,55.945769,95,3,1,1,06/11/2018,3,16:28:00,923,S12000036,3,7,6,20,3,4,6,0,0,8,4,1,1,4,0,1,1
2018950001512,326000,673410,-3.186493,55.948001,95,3,2,1,05/11/2018,2,20:30:00,923,S12000036,3,7,6,20,9,2,6,0,0,5,4,1,1,0,0,1,1
2018950001518,318540,674960,-3.306379,55.960714,95,3,2,1,06/11/2018,3,16:55:00,923,S12000036,3,902,6,40,7,4,3,90,0,4,4,1,1,0,0,1,1
2018950001524,326000,673410,-3.186493,55.948001,95,3,2,1,09/11/2018,6,09:40:00,923,S12000036,3,7,6,20,6,2,6,0,0,5,1,1,1,0,0,1,1
2018950001526,316690,676560,-3.336497,55.974768,95,2,1,2,09/11/2018,6,17:00:00,923,S12000036,3,90,3,70,0,-1,-1,0,0,0,6,4,1,0,0,2,1
2018950001530,330330,672870,-3.117037,55.943798,95,3,2,3,11/11/2018,1,20:25:00,923,S12000036,6,0,6,30,6,2,3,1,0,5,4,1,1,0,0,1,2
2018950001531,326178,675920,-3.184332,55.970574,95,3,2,1,24/10/2018,4,11:18:00,923,S12000036,6,0,6,20,3,4,6,0,0,0,5,1,1,0,0,1,1
2018950001540,323590,675840,-3.225762,55.96945,95,3,2,1,13/11/2018,3,13:45:00,923,S12000036,6,0,6,30,3,2,6,0,0,5,1,1,1,0,0,1,1
2018950001541,325001,673284,-3.20245,55.946714,95,3,1,1,13/11/2018,3,14:40:00,923,S12000036,5,0,6,20,3,4,6,0,0,0,4,1,1,0,0,1,1
2018950001545,326110,674480,-3.185026,55.957629,95,3,1,1,14/11/2018,4,13:05:00,923,S12000036,3,900,6,20,0,-1,-1,0,0,0,1,1,1,4,0,1,2
2018950001546,331100,672910,-3.104722,55.944268,95,3,2,2,15/11/2018,5,09:50:00,923,S12000036,3,1,6,40,3,2,6,0,0,4,1,1,1,0,0,1,1
2018950001547,326135,673085,-3.184243,55.945102,95,3,2,1,26/04/2018,5,18:50:00,923,S12000036,3,7,6,20,6,2,6,0,0,8,1,1,1,0,0,1,2
2018950001549,328570,672700,-3.145163,55.942012,95,3,2,1,15/11/2018,5,14:00:00,923,S12000036,5,0,6,20,3,4,6,0,0,5,1,1,1,0,0,1,1
2018950001553,329960,674080,-3.123274,55.954613,95,2,1,1,16/11/2018,6,12:10:00,923,S12000036,6,0,6,40,0,-1,-1,0,0,5,1,1,1,0,0,1,1
2018950001555,313310,677040,-3.390793,55.978481,95,3,2,1,16/11/2018,6,17:00:00,923,S12000036,3,90,3,70,0,-1,-1,0,0,0,6,4,1,0,0,2,1
2018950001556,324930,672740,-3.203435,55.941816,95,3,1,1,16/11/2018,6,18:18:00,923,S12000036,4,701,6,20,6,2,5,0,0,5,4,1,1,0,0,1,2
2018950001557,322793,674255,-3.238073,55.955086,95,3,2,1,16/11/2018,6,17:00:00,923,S12000036,3,90,6,30,9,4,6,0,0,0,4,1,1,0,0,1,1
2018950001558,328932,671643,-3.13909,55.93257,95,3,2,1,14/03/2018,4,14:40:00,923,S12000036,3,6095,6,20,3,4,6,0,0,0,1,1,1,0,0,1,1
2018950001559,325260,674310,-3.198589,55.95597,95,3,2,1,17/11/2018,7,15:10:00,923,S12000036,5,0,6,20,6,2,6,0,0,5,1,1,1,0,0,1,1
2018950001561,327520,674340,-3.162411,55.956586,95,3,2,3,10/11/2018,7,18:47:00,923,S12000036,3,1,6,20,0,-1,-1,0,0,0,4,2,2,0,0,1,2
2018950001562,312440,672230,-3.403165,55.93512,95,3,2,1,16/11/2018,6,23:30:00,923,S12000036,6,0,6,40,3,4,6,0,0,0,4,1,1,0,0,2,1
2018950001563,329860,674390,-3.124956,55.957383,95,3,2,1,17/11/2018,7,13:09:00,923,S12000036,3,1140,6,30,9,4,6,0,0,0,1,1,1,0,0,1,2
2018950001564,330470,673910,-3.115065,55.95316,95,3,1,1,19/11/2018,2,10:00:00,923,S12000036,4,6415,6,20,0,-1,-1,0,0,0,1,1,2,0,0,1,1
2018950001565,321910,671640,-3.251452,55.931454,95,3,2,2,16/11/2018,6,18:45:00,923,S12000036,3,71,6,30,0,-1,-1,0,0,0,6,1,1,0,0,1,1
2018950001566,321803,671521,-3.25313,55.930367,95,3,2,1,13/11/2018,3,15:45:00,923,S12000036,3,71,6,30,0,-1,-1,0,0,0,1,1,1,0,0,1,2
2018950001567,NA,NA,NA,NA,95,3,2,1,19/11/2018,2,11:50:00,923,S12000036,6,0,1,20,1,2,6,0,0,0,1,1,1,0,0,3,2
2018950001568,321790,670520,-3.253047,55.921373,95,3,2,1,06/11/2018,3,17:30:00,923,S12000036,3,70,6,20,3,2,6,0,0,5,4,1,1,0,0,1,1
2018950001569,332720,673082,-3.078833,55.946043,95,3,1,1,19/11/2018,2,13:15:00,923,S12000036,6,0,6,30,0,-1,-1,0,0,0,1,1,1,0,0,1,1
2018950001571,318280,667800,-3.308372,55.896357,95,2,2,1,20/11/2018,3,11:14:00,923,S12000036,3,70,6,30,3,4,6,0,0,0,1,1,2,0,0,1,1
2018950001573,322420,673180,-3.243735,55.94537,95,3,2,1,20/11/2018,3,17:06:00,923,S12000036,3,8,6,20,3,4,6,0,0,4,4,2,2,0,0,1,1
2018950001574,329600,675050,-3.129292,55.963274,95,3,3,1,20/11/2018,3,17:00:00,923,S12000036,3,199,6,40,0,-1,-1,0,0,5,1,2,2,0,0,1,1
2018950001577,325620,674830,-3.192969,55.960697,95,3,2,1,21/11/2018,4,07:45:00,923,S12000036,6,0,6,20,3,4,6,0,0,5,1,1,2,0,0,1,1
2018950001579,326970,674790,-3.17134,55.960545,95,3,1,1,21/11/2018,4,19:26:00,923,S12000036,5,0,6,20,0,-1,-1,0,0,0,1,1,1,0,0,1,1
2018950001580,326820,672310,-3.173067,55.938245,95,3,1,1,21/11/2018,4,17:30:00,923,S12000036,6,0,6,20,0,-1,-1,0,2,5,4,1,1,0,0,1,2
2018950001582,323110,668030,-3.231221,55.899219,95,2,2,2,20/11/2018,3,15:30:00,923,S12000036,6,0,6,60,3,4,3,720,0,0,6,2,2,0,0,2,1
2018950001583,327280,671690,-3.165538,55.932745,95,3,1,1,19/11/2018,2,09:30:00,923,S12000036,6,0,6,30,0,-1,-1,0,0,0,1,9,2,0,0,1,2
2018950001589,317770,670680,-3.317402,55.922139,95,3,2,1,23/11/2018,6,16:35:00,923,S12000036,1,8,3,70,5,4,1,8,0,0,4,1,2,0,0,2,1
2018950001593,321880,676370,-3.253305,55.973935,95,3,2,1,24/11/2018,7,15:55:00,923,S12000036,5,0,2,20,3,4,6,0,0,0,4,1,2,0,0,1,1
2018950001594,326560,675140,-3.178001,55.963626,95,3,1,1,24/11/2018,7,18:32:00,923,S12000036,3,900,6,20,3,2,6,0,0,0,4,2,2,0,0,1,1
2018950001596,319840,670160,-3.284134,55.917818,95,2,2,1,21/11/2018,4,18:54:00,923,S12000036,6,0,6,30,3,4,6,0,0,4,4,1,2,0,0,1,1
2018950001598,322459,676569,-3.244088,55.975817,95,3,1,1,22/11/2018,5,10:15:00,923,S12000036,6,0,6,20,8,4,6,0,0,0,1,1,1,0,0,1,2
2018950001599,320290,668910,-3.276567,55.906665,95,3,2,1,26/11/2018,2,08:20:00,923,S12000036,3,720,3,70,0,-1,-1,0,0,0,1,1,2,0,0,1,1
2018950001601,326000,673410,-3.186493,55.948001,95,3,2,1,26/11/2018,2,15:50:00,923,S12000036,3,7,6,20,3,4,6,0,0,5,1,1,1,0,0,1,1
2018950001602,325130,667470,-3.19877,55.894508,95,2,2,1,20/11/2018,3,09:15:00,923,S12000036,3,720,3,70,5,4,3,720,0,0,1,1,2,0,0,1,1
2018950001603,327380,669870,-3.163447,55.916412,95,2,2,3,23/11/2018,6,07:15:00,923,S12000036,5,0,6,30,3,4,6,0,0,8,4,1,2,0,0,1,1
2018950001609,329050,670150,-3.136809,55.919177,95,3,2,1,26/11/2018,2,05:00:00,923,S12000036,3,7,6,30,9,2,6,0,0,5,4,8,4,0,0,1,1
2018950001611,322790,670680,-3.237095,55.922972,95,2,1,1,22/11/2018,5,16:00:00,923,S12000036,6,0,6,30,0,-1,-1,0,0,0,1,1,1,0,0,1,1
2018950001612,327450,675380,-3.163812,55.965917,95,3,1,1,28/11/2018,4,12:25:00,923,S12000036,6,0,6,20,3,4,6,0,0,0,1,2,2,0,0,1,1
2018950001615,327040,674440,-3.170124,55.957412,95,3,2,1,23/11/2018,6,14:40:00,923,S12000036,5,0,6,30,7,2,3,1,0,5,1,1,1,0,0,1,1
2018950001616,324770,673190,-3.206122,55.945833,95,3,1,1,28/11/2018,4,19:25:00,923,S12000036,4,700,6,30,3,2,3,702,0,5,4,1,1,0,0,1,2
2018950001620,326554,672421,-3.177355,55.939202,95,2,1,1,28/11/2018,4,16:55:00,923,S12000036,4,1350,6,20,3,4,3,7,0,0,4,5,2,0,0,1,2
2018950001622,325000,676980,-3.203496,55.979913,95,3,2,1,29/11/2018,5,05:05:00,923,S12000036,3,901,6,20,3,4,6,0,0,0,1,2,2,0,0,1,1
2018950001625,327700,671160,-3.158675,55.928048,95,3,2,1,29/11/2018,5,16:45:00,923,S12000036,3,7,6,30,0,-1,-1,0,0,0,4,1,2,0,0,1,1
2018950001626,322290,671020,-3.245192,55.925946,95,2,1,1,29/11/2018,5,20:05:00,923,S12000036,6,0,6,30,0,-1,-1,0,0,0,4,5,2,0,0,1,1
2018950001631,329240,670520,-3.133866,55.922528,95,3,1,1,28/11/2018,4,12:00:00,923,S12000036,6,0,6,20,2,4,6,0,0,4,1,1,2,0,0,2,1
2018950001635,324596,672088,-3.208598,55.935907,95,2,1,1,01/12/2018,7,13:00:00,923,S12000036,6,0,6,20,6,4,3,702,0,4,1,2,2,0,0,1,1
2018950001636,322817,669596,-3.236353,55.913239,95,3,1,1,01/12/2018,7,20:35:00,923,S12000036,6,0,6,20,3,4,6,0,0,0,4,1,2,4,0,1,1
2018950001638,329150,667340,-3.134471,55.893949,95,3,3,1,30/11/2018,6,21:05:00,923,S12000036,5,0,6,60,1,4,6,0,0,0,4,2,2,0,0,2,1
2018950001640,322957,675724,-3.235868,55.968307,95,3,2,1,03/12/2018,2,22:15:00,923,S12000036,3,902,6,30,1,4,6,0,0,5,1,1,1,0,0,1,1
2018950001642,320294,668938,-3.276511,55.906917,95,3,2,1,03/12/2018,2,16:45:00,923,S12000036,3,720,3,70,0,-1,-1,0,0,0,6,1,2,0,0,1,1
2018950001643,326246,672141,-3.182208,55.936639,95,3,2,1,03/12/2018,2,19:55:00,923,S12000036,5,0,6,20,3,4,6,0,0,0,4,1,2,0,0,1,1
2018950001645,329898,671754,-3.123661,55.93371,95,3,2,1,04/12/2018,3,09:05:00,923,S12000036,3,6095,6,20,0,-1,-1,0,0,0,1,8,4,0,0,1,1
2018950001651,326424,672639,-3.179495,55.94114,95,3,2,1,04/12/2018,3,19:30:00,923,S12000036,6,0,6,20,3,4,6,0,0,5,1,1,1,0,0,1,1
2018950001655,327795,674114,-3.157947,55.954597,95,3,2,1,03/12/2018,2,09:30:00,923,S12000036,6,0,1,20,2,4,6,0,0,0,1,1,2,0,0,1,1
2018950001663,325557,673928,-3.193728,55.952585,95,3,1,1,05/12/2018,4,17:10:00,923,S12000036,3,8,3,20,3,4,6,0,0,5,4,2,2,0,0,1,1
2018950001664,NA,NA,NA,NA,95,3,2,1,19/04/2018,5,14:45:00,923,S12000036,6,0,1,20,1,4,6,0,0,0,1,1,1,0,0,3,3
2018950001665,329369,675415,-3.133087,55.966518,95,3,2,1,05/12/2018,4,17:39:00,923,S12000036,3,199,6,40,3,4,6,0,0,0,4,2,2,0,0,1,1
2018950001666,325632,673890,-3.192517,55.952255,95,3,1,1,06/12/2018,5,14:18:00,923,S12000036,3,8,6,20,9,2,6,0,0,4,1,1,2,0,0,1,1
2018950001669,325339,674037,-3.197248,55.95353,95,3,1,1,06/12/2018,5,13:10:00,923,S12000036,3,8,6,20,6,2,5,0,0,5,1,1,1,0,0,1,2
2018950001672,312878,674739,-3.396968,55.957735,95,3,2,1,04/12/2018,3,07:00:00,923,S12000036,6,0,6,20,0,-1,-1,0,0,0,4,8,4,0,0,2,1
2018950001674,330838,671722,-3.10861,55.933559,95,3,1,1,07/12/2018,6,17:45:00,923,S12000036,3,6095,6,30,0,-1,-1,0,0,0,1,1,1,0,0,1,1
2018950001675,321408,671446,-3.259428,55.929629,95,3,1,1,07/12/2018,6,23:40:00,923,S12000036,3,71,6,30,0,-1,-1,0,0,0,4,5,2,0,0,1,1
2018950001676,NA,NA,NA,NA,95,3,2,1,07/12/2018,6,07:30:00,923,S12000036,3,8,1,40,1,2,3,89,0,0,1,1,2,0,0,3,1
2018950001678,319264,673117,-3.294233,55.944282,95,3,2,1,10/11/2018,7,13:20:00,923,S12000036,4,701,6,30,3,4,6,0,0,4,1,1,1,0,0,1,2
2018950001682,324698,676742,-3.208268,55.977728,95,3,2,1,10/12/2018,2,11:10:00,923,S12000036,6,0,6,20,7,4,6,0,0,0,1,1,2,0,0,1,1
2018950001684,324191,674706,-3.215816,55.95936,95,3,1,1,10/12/2018,2,19:25:00,923,S12000036,4,900,6,20,0,-1,-1,0,0,0,4,1,1,0,0,1,1
2018950001685,316844,670365,-3.332118,55.91915,95,3,3,1,10/12/2018,2,18:15:00,923,S12000036,1,8,3,70,0,-1,-1,0,0,0,6,1,2,0,0,2,1
2018950001686,315187,662344,-3.356107,55.846815,95,3,2,1,09/12/2018,1,19:36:00,923,S12000036,6,0,6,40,0,-1,-1,0,0,0,4,1,2,0,0,2,1
2018950001687,326539,674485,-3.178158,55.957739,95,3,2,1,10/12/2018,2,16:45:00,923,S12000036,6,0,6,20,0,-1,6,0,0,8,4,1,1,0,0,1,1
2018950001688,324394,670517,-3.21139,55.921763,95,3,3,1,10/12/2018,2,12:45:00,923,S12000036,3,702,6,30,0,-1,-1,0,0,0,1,1,1,0,0,1,1
2018950001689,325811,676960,-3.190497,55.979859,95,3,2,1,11/12/2018,3,07:45:00,923,S12000036,3,901,6,30,3,4,6,0,0,0,4,1,2,0,0,1,1
2018950001691,327871,674239,-3.156764,55.955732,95,2,1,1,11/12/2018,3,16:00:00,923,S12000036,6,0,6,30,0,-1,-1,0,0,0,4,1,2,0,0,1,1
2018950001694,326429,676736,-3.180535,55.977942,95,3,1,1,12/12/2018,4,18:00:00,923,S12000036,3,901,6,20,9,4,6,0,0,5,4,1,1,0,0,1,2
2018950001698,322754,676708,-3.239402,55.977113,95,3,3,3,12/12/2018,4,17:50:00,923,S12000036,5,0,6,30,9,4,5,0,0,0,4,1,1,0,0,1,1
2018950001699,319216,670392,-3.294185,55.919797,95,3,1,1,13/12/2018,5,14:54:00,923,S12000036,6,0,6,20,0,-1,-1,0,0,0,1,1,1,0,0,1,1
2018950001703,324119,671639,-3.216105,55.931799,95,2,2,1,11/12/2018,3,17:00:00,923,S12000036,6,0,6,20,9,4,6,0,0,0,4,1,1,0,0,1,1
2018950001704,331877,672802,-3.092257,55.943409,95,2,1,2,14/12/2018,6,16:50:00,923,S12000036,6,0,6,20,0,-1,-1,0,0,0,4,1,1,0,0,1,1
2018950001706,327445,673847,-3.163479,55.952146,95,3,2,1,22/11/2018,5,15:30:00,923,S12000036,6,0,6,20,1,4,5,0,0,0,1,1,2,0,0,1,2
2018950001707,317698,672399,-3.319079,55.937567,95,3,1,2,14/12/2018,6,12:25:00,923,S12000036,6,0,1,20,1,4,6,0,0,0,1,1,1,0,0,1,1
2018950001713,323681,676673,-3.224541,55.976947,95,3,2,1,16/12/2018,1,09:30:00,923,S12000036,6,0,6,20,3,4,6,0,0,0,1,1,2,0,0,1,1
2018950001716,326244,672597,-3.182365,55.940735,95,2,1,5,17/12/2018,2,03:05:00,923,S12000036,3,700,6,20,7,2,6,0,0,4,4,1,2,0,0,1,1
2018950001717,324818,673103,-3.205329,55.945059,95,2,1,1,15/12/2018,7,23:00:00,923,S12000036,3,702,6,20,0,-1,-1,0,0,0,4,2,2,0,0,1,1
2018950001723,322691,675083,-3.239944,55.962506,95,2,1,1,14/12/2018,6,17:15:00,923,S12000036,3,902,6,30,0,-1,-1,0,0,5,4,1,1,0,0,1,1
2018950001728,316124,673320,-3.344554,55.945567,95,3,1,1,07/12/2018,6,17:59:00,923,S12000036,3,8,6,40,0,-1,-1,0,0,5,4,1,2,0,0,2,1
2018950001729,326219,672569,-3.182757,55.94048,95,2,2,1,19/08/2018,1,12:50:00,923,S12000036,6,0,6,20,3,4,5,0,0,0,1,1,1,0,0,1,1
2018950001730,319803,673994,-3.285867,55.95225,95,3,1,1,17/12/2018,2,14:30:00,923,S12000036,6,0,6,20,0,-1,-1,0,0,0,1,1,1,0,0,1,1
2018950001731,317852,672123,-3.31653,55.935114,95,3,2,2,19/12/2018,4,11:50:00,923,S12000036,6,0,6,20,3,2,6,0,0,5,1,1,2,0,0,1,1
2018950001733,326044,673512,-3.185817,55.948924,95,3,1,1,20/12/2018,5,18:20:00,923,S12000036,5,0,6,20,0,-1,-1,0,0,0,1,1,1,0,0,1,1
2018950001739,329977,671290,-3.122276,55.929553,95,3,1,1,19/12/2018,4,16:30:00,923,S12000036,6,0,6,20,0,-1,-1,0,0,0,4,9,2,0,0,1,2
2018950001740,321227,671490,-3.262337,55.929994,95,3,2,1,21/12/2018,6,21:14:00,923,S12000036,6,0,6,20,8,4,-1,-1,0,0,1,1,1,0,0,1,1
2018950001741,317936,670829,-3.314792,55.923506,95,3,2,1,22/12/2018,7,12:30:00,923,S12000036,1,8,3,70,0,-1,-1,0,0,0,1,1,1,0,0,2,1
2018950001745,327160,670366,-3.1671,55.920834,95,3,2,1,28/11/2018,4,07:45:00,923,S12000036,3,701,6,30,0,-1,-1,0,0,0,4,9,1,0,0,1,2
2018950001749,326660,675296,-3.176442,55.965043,95,3,1,1,19/12/2018,4,18:30:00,923,S12000036,3,900,6,20,3,4,6,0,2,1,4,8,2,0,0,1,1
2018950001750,326644,676501,-3.177027,55.975864,95,3,2,1,23/12/2018,1,19:54:00,923,S12000036,3,902,6,20,3,4,6,0,0,0,1,1,1,0,0,1,1
2018950001751,323629,675858,-3.225143,55.969618,95,3,2,1,21/12/2018,6,15:40:00,923,S12000036,6,0,6,30,3,2,6,0,0,5,4,1,2,0,0,1,2
2018950001756,328335,666927,-3.14739,55.890119,95,3,2,1,26/12/2018,4,18:30:00,923,S12000036,3,720,3,70,0,-1,-1,0,0,0,6,1,1,0,0,2,1
2018950001758,NA,NA,NA,NA,95,2,2,3,28/12/2018,6,18:50:00,923,S12000036,3,720,7,70,5,4,3,720,0,0,6,1,2,0,0,3,1
2018950001759,NA,NA,NA,NA,95,3,1,2,29/12/2018,7,12:00:00,923,S12000036,6,0,6,20,0,-1,-1,0,0,0,1,1,1,0,0,3,1
2018950001760,325569,673944,-3.19354,55.952731,95,2,1,1,29/12/2018,7,08:15:00,923,S12000036,6,0,7,20,3,2,3,8,0,5,1,4,1,0,0,1,1
2018950001762,312497,675314,-3.403255,55.96283,95,3,2,2,29/12/2018,7,11:56:00,923,S12000036,4,800,6,50,9,4,-1,-1,0,0,1,1,1,0,0,2,1
2018950001765,314684,666476,-3.36544,55.88384,95,3,1,2,29/12/2018,7,21:00:00,923,S12000036,3,70,6,60,0,-1,-1,0,0,0,6,1,2,0,0,2,1
2018950001766,320340,670833,-3.276335,55.923946,95,3,2,1,05/12/2018,4,18:50:00,923,S12000036,6,0,6,20,3,4,6,0,0,0,4,9,1,0,0,1,1
201895T000006,326060,674420,-3.18581,55.957082,95,3,1,1,01/01/2018,2,02:30:00,923,S12000036,3,900,6,20,3,4,3,900,0,5,1,1,2,0,0,1,1
201895T000029,322070,674540,-3.249731,55.957529,95,3,1,1,04/01/2018,5,18:30:00,923,S12000036,3,90,6,40,6,2,6,0,0,5,4,2,2,0,0,1,1
201895T000062,322416,673178,-3.243799,55.945351,95,3,2,1,01/11/2018,5,09:50:00,923,S12000036,3,8,6,30,3,4,6,0,0,4,1,1,1,0,0,1,2
201895T000104,NA,NA,NA,NA,95,3,2,1,11/12/2018,3,18:10:00,923,S12000036,4,701,6,20,6,2,5,0,0,5,4,2,2,0,0,3,1
